TBondvalue,year
10.23,1980
10.31,1980
10.34,1980
10.35,1980
10.28,1980
10.29,1980
10.26,1980
10.38,1980
10.4,1980
10.4,1980
10.41,1980
10.47,1980
10.61,1980
10.77,1980
10.69,1980
10.68,1980
10.87,1980
11.0,1980
11.03,1980
11.12,1980
11.11,1980
11.09,1980
11.23,1980
11.32,1980
11.64,1980
11.78,1980
11.7,1980
11.72,1980
11.94,1980
11.82,1980
11.9,1980
12.11,1980
12.61,1980
12.56,1980
12.77,1980
12.59,1980
12.69,1980
12.85,1980
12.76,1980
12.29,1980
12.25,1980
12.32,1980
12.35,1980
12.4,1980
12.64,1980
12.5,1980
12.25,1980
12.12,1980
12.39,1980
12.19,1980
12.21,1980
12.2,1980
12.0,1980
11.97,1980
12.22,1980
12.28,1980
12.69,1980
12.67,1980
12.56,1980
12.5,1980
12.35,1980
12.31,1980
12.35,1980
12.28,1980
12.27,1980
11.87,1980
11.85,1980
11.79,1980
11.74,1980
11.53,1980
11.5,1980
11.47,1980
10.91,1980
10.99,1980
10.98,1980
10.96,1980
10.94,1980
11.02,1980
11.13,1980
11.18,1980
10.86,1980
10.89,1980
10.89,1980
10.72,1980
10.47,1980
10.35,1980
10.23,1980
10.19,1980
10.34,1980
10.41,1980
10.44,1980
10.29,1980
10.26,1980
10.46,1980
10.53,1980
10.68,1980
10.47,1980
10.31,1980
10.34,1980
10.09,1980
10.1,1980
10.22,1980
10.32,1980
10.37,1980
10.45,1980
10.29,1980
10.18,1980
10.08,1980
9.87,1980
9.75,1980
9.88,1980
9.79,1980
9.6,1980
9.49,1980
9.49,1980
9.52,1980
9.6,1980
9.57,1980
9.5,1980
9.66,1980
9.7,1980
9.79,1980
9.91,1980
9.97,1980
9.99,1980
10.12,1980
10.12,1980
10.0,1980
10.22,1980
10.06,1980
10.14,1980
10.21,1980
10.3,1980
10.36,1980
10.19,1980
10.05,1980
10.15,1980
10.19,1980
10.11,1980
10.18,1980
10.15,1980
10.24,1980
10.33,1980
10.42,1980
10.4,1980
10.51,1980
10.8,1980
10.76,1980
10.68,1980
10.69,1980
10.73,1980
10.68,1980
10.9,1980
11.05,1980
11.01,1980
10.93,1980
10.9,1980
10.83,1980
11.02,1980
11.16,1980
11.13,1980
11.15,1980
11.01,1980
11.18,1980
11.18,1980
11.33,1980
11.43,1980
11.27,1980
11.08,1980
10.94,1980
11.02,1980
11.06,1980
11.15,1980
11.05,1980
11.02,1980
11.15,1980
11.18,1980
11.38,1980
11.33,1980
11.41,1980
11.35,1980
11.25,1980
11.6,1980
11.53,1980
11.53,1980
11.66,1980
11.81,1980
11.93,1980
11.7,1980
11.69,1980
11.66,1980
11.33,1980
11.26,1980
11.3,1980
11.38,1980
11.21,1980
11.26,1980
11.16,1980
11.11,1980
11.27,1980
11.44,1980
11.44,1980
11.53,1980
11.74,1980
11.68,1980
11.61,1980
11.96,1980
12.14,1980
12.21,1980
12.28,1980
12.23,1980
12.22,1980
12.36,1980
12.59,1980
12.59,1980
12.71,1980
12.26,1980
12.23,1980
12.45,1980
12.6,1980
12.29,1980
12.19,1980
12.22,1980
12.37,1980
12.31,1980
12.3,1980
12.27,1980
12.32,1980
12.51,1980
12.5,1980
12.41,1980
12.43,1980
12.33,1980
12.42,1980
12.68,1980
12.8,1980
13.17,1980
12.82,1980
12.85,1980
12.95,1980
12.74,1980
12.62,1980
12.22,1980
11.75,1980
11.93,1980
11.95,1980
11.84,1980
11.84,1980
11.96,1980
11.98,1980
12.01,1981
11.67,1981
11.67,1981
11.89,1981
11.91,1981
12.13,1981
12.08,1981
12.08,1981
12.07,1981
12.25,1981
12.13,1981
12.25,1981
12.11,1981
12.33,1981
12.46,1981
12.38,1981
12.28,1981
12.31,1981
12.33,1981
12.38,1981
12.28,1981
12.45,1981
12.61,1981
12.49,1981
12.7,1981
12.73,1981
12.81,1981
12.92,1981
13.01,1981
13.2,1981
12.93,1981
12.88,1981
12.71,1981
12.54,1981
12.81,1981
12.81,1981
12.89,1981
12.98,1981
12.97,1981
13.19,1981
13.0,1981
13.03,1981
13.0,1981
12.73,1981
12.64,1981
12.69,1981
12.74,1981
12.59,1981
12.42,1981
12.41,1981
12.25,1981
12.16,1981
12.28,1981
12.34,1981
12.71,1981
12.84,1981
12.77,1981
12.92,1981
12.93,1981
12.8,1981
12.65,1981
12.65,1981
12.8,1981
12.94,1981
13.28,1981
12.99,1981
13.15,1981
13.02,1981
13.15,1981
13.23,1981
13.13,1981
13.29,1981
13.32,1981
13.17,1981
13.2,1981
13.25,1981
13.28,1981
13.35,1981
13.38,1981
13.39,1981
13.5,1981
13.65,1981
13.59,1981
13.98,1981
14.11,1981
13.97,1981
13.84,1981
13.76,1981
13.89,1981
13.95,1981
13.95,1981
13.66,1981
13.58,1981
13.31,1981
13.47,1981
13.45,1981
13.53,1981
13.36,1981
13.22,1981
13.27,1981
13.1,1981
13.06,1981
13.06,1981
13.13,1981
13.08,1981
13.04,1981
13.11,1981
12.87,1981
12.89,1981
12.82,1981
12.84,1981
12.84,1981
12.61,1981
12.59,1981
12.73,1981
12.98,1981
12.9,1981
12.86,1981
12.99,1981
13.1,1981
13.14,1981
13.14,1981
13.11,1981
13.3,1981
13.47,1981
13.35,1981
13.19,1981
13.42,1981
13.43,1981
13.47,1981
13.25,1981
13.33,1981
13.49,1981
13.35,1981
13.44,1981
13.4,1981
13.87,1981
13.84,1981
13.87,1981
13.8,1981
13.65,1981
13.7,1981
13.8,1981
13.92,1981
13.95,1981
13.96,1981
14.27,1981
14.17,1981
14.15,1981
14.04,1981
14.07,1981
13.88,1981
13.63,1981
13.82,1981
13.88,1981
13.95,1981
13.9,1981
13.95,1981
13.95,1981
14.08,1981
14.14,1981
14.57,1981
14.61,1981
14.6,1981
14.59,1981
14.49,1981
14.78,1981
14.7,1981
14.7,1981
14.82,1981
14.84,1981
14.99,1981
14.73,1981
14.68,1981
14.49,1981
14.51,1981
14.44,1981
14.42,1981
14.26,1981
14.22,1981
14.09,1981
14.33,1981
14.61,1981
14.69,1981
15.08,1981
15.01,1981
15.2,1981
15.19,1981
15.14,1981
14.8,1981
14.62,1981
14.6,1981
14.54,1981
14.44,1981
14.26,1981
14.36,1981
14.48,1981
14.39,1981
14.55,1981
14.52,1981
14.66,1981
14.94,1981
14.91,1981
14.81,1981
15.21,1981
15.09,1981
15.03,1981
14.66,1981
14.36,1981
14.41,1981
13.96,1981
14.06,1981
13.85,1981
13.56,1981
13.55,1981
13.21,1981
13.26,1981
13.11,1981
13.25,1981
13.05,1981
13.09,1981
13.08,1981
13.38,1981
13.03,1981
12.83,1981
12.76,1981
12.91,1981
13.06,1981
13.21,1981
13.16,1981
12.89,1981
13.26,1981
13.24,1981
13.39,1981
13.58,1981
13.55,1981
13.34,1981
13.3,1981
13.32,1981
13.48,1981
13.3,1981
13.55,1981
13.65,1981
13.85,1981
13.76,1981
13.72,1981
13.88,1981
13.86,1981
13.65,1981
13.87,1982
14.14,1982
14.28,1982
14.32,1982
14.13,1982
14.43,1982
14.27,1982
14.47,1982
14.31,1982
14.41,1982
14.27,1982
14.36,1982
14.32,1982
14.21,1982
14.24,1982
14.2,1982
14.19,1982
14.17,1982
13.98,1982
13.91,1982
14.33,1982
14.26,1982
14.41,1982
14.54,1982
14.43,1982
14.74,1982
14.8,1982
14.64,1982
14.54,1982
14.33,1982
14.3,1982
14.06,1982
14.02,1982
13.65,1982
13.73,1982
13.62,1982
13.72,1982
13.83,1982
13.63,1982
13.44,1982
13.39,1982
13.35,1982
13.35,1982
13.49,1982
13.43,1982
13.5,1982
13.65,1982
13.65,1982
13.56,1982
13.57,1982
13.52,1982
13.51,1982
13.56,1982
13.37,1982
13.36,1982
13.51,1982
13.49,1982
13.65,1982
13.79,1982
13.81,1982
13.68,1982
13.6,1982
13.61,1982
13.72,1982
13.73,1982
13.71,1982
13.48,1982
13.3,1982
13.32,1982
13.42,1982
13.32,1982
13.18,1982
13.13,1982
13.21,1982
13.22,1982
13.19,1982
13.18,1982
13.16,1982
13.19,1982
13.27,1982
13.38,1982
13.39,1982
13.45,1982
13.37,1982
13.34,1982
13.13,1982
13.08,1982
13.13,1982
13.08,1982
13.23,1982
13.25,1982
13.17,1982
13.29,1982
13.26,1982
13.3,1982
13.17,1982
13.17,1982
13.19,1982
13.2,1982
13.29,1982
13.36,1982
13.39,1982
13.66,1982
13.6,1982
13.66,1982
13.76,1982
13.66,1982
13.71,1982
13.71,1982
13.72,1982
13.61,1982
13.89,1982
13.87,1982
13.91,1982
14.1,1982
14.19,1982
14.15,1982
14.21,1982
14.26,1982
14.2,1982
14.24,1982
14.19,1982
14.11,1982
13.91,1982
13.9,1982
14.03,1982
14.0,1982
13.9,1982
13.7,1982
13.57,1982
13.46,1982
13.61,1982
13.68,1982
13.57,1982
13.35,1982
13.34,1982
13.24,1982
13.3,1982
13.2,1982
13.25,1982
13.48,1982
13.46,1982
13.6,1982
13.51,1982
13.42,1982
13.17,1982
13.27,1982
13.27,1982
13.29,1982
13.41,1982
13.31,1982
13.27,1982
13.26,1982
13.15,1982
12.98,1982
12.8,1982
12.42,1982
12.29,1982
12.31,1982
12.14,1982
12.29,1982
12.16,1982
12.21,1982
12.31,1982
12.54,1982
12.54,1982
12.5,1982
12.41,1982
12.3,1982
12.16,1982
12.19,1982
12.17,1982
12.21,1982
12.41,1982
12.26,1982
12.24,1982
12.25,1982
12.18,1982
12.12,1982
12.04,1982
11.82,1982
11.83,1982
11.75,1982
11.88,1982
11.82,1982
11.76,1982
11.79,1982
11.79,1982
11.65,1982
11.83,1982
11.81,1982
11.69,1982
11.29,1982
11.19,1982
10.85,1982
10.75,1982
10.86,1982
11.03,1982
10.9,1982
10.87,1982
10.91,1982
10.92,1982
11.03,1982
11.25,1982
11.17,1982
11.23,1982
11.12,1982
11.01,1982
10.84,1982
10.72,1982
10.66,1982
10.59,1982
10.61,1982
10.44,1982
10.37,1982
10.43,1982
10.52,1982
10.6,1982
10.54,1982
10.33,1982
10.35,1982
10.43,1982
10.46,1982
10.52,1982
10.47,1982
10.72,1982
10.7,1982
10.69,1982
10.63,1982
10.44,1982
10.41,1982
10.45,1982
10.54,1982
10.52,1982
10.63,1982
10.57,1982
10.48,1982
10.55,1982
10.66,1982
10.69,1982
10.77,1982
10.53,1982
10.55,1982
10.5,1982
10.44,1982
10.43,1982
10.49,1982
10.46,1982
10.43,1982
10.39,1983
10.45,1983
10.47,1983
10.5,1983
10.5,1983
10.51,1983
10.48,1983
10.46,1983
10.45,1983
10.5,1983
10.5,1983
10.56,1983
10.67,1983
10.66,1983
10.78,1983
10.88,1983
10.82,1983
10.92,1983
10.85,1983
10.9,1983
10.99,1983
10.95,1983
10.94,1983
11.06,1983
11.12,1983
11.1,1983
11.12,1983
11.14,1983
10.96,1983
10.94,1983
10.95,1983
10.99,1983
10.95,1983
10.86,1983
10.78,1983
10.63,1983
10.62,1983
10.61,1983
10.5,1983
10.51,1983
10.45,1983
10.48,1983
10.44,1983
10.46,1983
10.59,1983
10.65,1983
10.64,1983
10.67,1983
10.75,1983
10.66,1983
10.62,1983
10.68,1983
10.68,1983
10.71,1983
10.71,1983
10.71,1983
10.64,1983
10.61,1983
10.7,1983
10.71,1983
10.66,1983
10.65,1983
10.69,1983
10.67,1983
10.55,1983
10.54,1983
10.56,1983
10.58,1983
10.46,1983
10.46,1983
10.44,1983
10.37,1983
10.4,1983
10.35,1983
10.46,1983
10.48,1983
10.53,1983
10.52,1983
10.48,1983
10.47,1983
10.43,1983
10.41,1983
10.38,1983
10.39,1983
10.38,1983
10.27,1983
10.3,1983
10.28,1983
10.37,1983
10.3,1983
10.33,1983
10.4,1983
10.37,1983
10.54,1983
10.58,1983
10.6,1983
10.67,1983
10.69,1983
10.71,1983
10.69,1983
10.71,1983
10.76,1983
10.78,1983
10.97,1983
10.91,1983
10.91,1983
10.93,1983
10.9,1983
10.97,1983
11.02,1983
10.96,1983
10.95,1983
10.84,1983
10.88,1983
10.81,1983
10.72,1983
10.77,1983
10.85,1983
10.86,1983
10.9,1983
10.95,1983
11.06,1983
11.16,1983
11.1,1983
11.06,1983
11.01,1983
11.0,1983
11.25,1983
11.21,1983
11.31,1983
11.37,1983
11.29,1983
11.45,1983
11.44,1983
11.38,1983
11.47,1983
11.37,1983
11.33,1983
11.28,1983
11.34,1983
11.48,1983
11.42,1983
11.5,1983
11.53,1983
11.68,1983
11.8,1983
11.82,1983
11.78,1983
11.87,1983
12.12,1983
12.07,1983
12.15,1983
12.09,1983
12.13,1983
12.0,1983
11.89,1983
11.71,1983
11.7,1983
11.61,1983
11.68,1983
11.73,1983
11.51,1983
11.56,1983
11.52,1983
11.57,1983
11.6,1983
11.81,1983
11.89,1983
11.96,1983
11.95,1983
11.97,1983
11.82,1983
11.68,1983
11.73,1983
11.7,1983
11.56,1983
11.61,1983
11.73,1983
11.8,1983
11.65,1983
11.65,1983
11.57,1983
11.6,1983
11.56,1983
11.47,1983
11.42,1983
11.44,1983
11.47,1983
11.48,1983
11.44,1983
11.48,1983
11.47,1983
11.38,1983
11.36,1983
11.38,1983
11.61,1983
11.62,1983
11.69,1983
11.61,1983
11.51,1983
11.56,1983
11.51,1983
11.51,1983
11.47,1983
11.69,1983
11.73,1983
11.73,1983
11.71,1983
11.74,1983
11.78,1983
11.77,1983
11.76,1983
11.83,1983
11.91,1983
11.9,1983
11.87,1983
11.74,1983
11.73,1983
11.72,1983
11.76,1983
11.78,1983
11.79,1983
11.7,1983
11.64,1983
11.65,1983
11.63,1983
11.7,1983
11.62,1983
11.67,1983
11.67,1983
11.79,1983
11.81,1983
11.81,1983
11.83,1983
11.93,1983
11.95,1983
11.94,1983
12.0,1983
12.01,1983
11.99,1983
11.94,1983
11.94,1983
11.94,1983
11.91,1983
11.84,1983
11.86,1983
11.8,1983
11.84,1983
11.84,1983
11.87,1983
11.93,1984
11.83,1984
11.84,1984
11.82,1984
11.84,1984
11.79,1984
11.83,1984
11.81,1984
11.67,1984
11.62,1984
11.65,1984
11.7,1984
11.68,1984
11.71,1984
11.69,1984
11.69,1984
11.72,1984
11.7,1984
11.73,1984
11.74,1984
11.78,1984
11.74,1984
11.71,1984
11.72,1984
11.79,1984
11.79,1984
11.83,1984
11.84,1984
11.92,1984
11.95,1984
11.92,1984
11.94,1984
12.02,1984
12.02,1984
12.06,1984
12.17,1984
12.1,1984
12.16,1984
12.22,1984
12.14,1984
12.16,1984
12.05,1984
12.17,1984
12.19,1984
12.31,1984
12.33,1984
12.35,1984
12.33,1984
12.37,1984
12.4,1984
12.39,1984
12.43,1984
12.53,1984
12.51,1984
12.53,1984
12.53,1984
12.5,1984
12.48,1984
12.5,1984
12.44,1984
12.42,1984
12.52,1984
12.55,1984
12.63,1984
12.67,1984
12.67,1984
12.5,1984
12.48,1984
12.54,1984
12.51,1984
12.41,1984
12.58,1984
12.65,1984
12.62,1984
12.73,1984
12.81,1984
12.82,1984
12.75,1984
12.71,1984
12.68,1984
12.82,1984
12.86,1984
12.87,1984
12.9,1984
12.92,1984
13.08,1984
13.17,1984
13.12,1984
13.26,1984
13.3,1984
13.51,1984
13.62,1984
13.5,1984
13.46,1984
13.57,1984
13.46,1984
13.46,1984
13.53,1984
13.56,1984
13.73,1984
13.72,1984
13.85,1984
13.94,1984
13.84,1984
13.58,1984
13.37,1984
13.35,1984
13.47,1984
13.48,1984
13.42,1984
13.48,1984
13.39,1984
13.29,1984
13.28,1984
13.14,1984
13.16,1984
13.3,1984
13.49,1984
13.55,1984
13.55,1984
13.56,1984
13.6,1984
13.56,1984
13.57,1984
13.64,1984
13.64,1984
13.52,1984
13.55,1984
13.55,1984
13.28,1984
13.28,1984
13.33,1984
13.2,1984
13.12,1984
13.12,1984
13.18,1984
13.14,1984
13.12,1984
13.26,1984
13.27,1984
13.25,1984
12.97,1984
12.88,1984
12.91,1984
12.99,1984
12.87,1984
12.78,1984
12.7,1984
12.59,1984
12.69,1984
12.64,1984
12.62,1984
12.47,1984
12.47,1984
12.54,1984
12.48,1984
12.57,1984
12.51,1984
12.46,1984
12.41,1984
12.35,1984
12.43,1984
12.45,1984
12.44,1984
12.6,1984
12.57,1984
12.57,1984
12.56,1984
12.51,1984
12.57,1984
12.61,1984
12.48,1984
12.44,1984
12.37,1984
12.31,1984
12.33,1984
12.22,1984
12.22,1984
12.18,1984
12.15,1984
12.07,1984
12.08,1984
12.22,1984
12.31,1984
12.34,1984
12.27,1984
12.12,1984
12.28,1984
12.35,1984
12.35,1984
12.36,1984
12.31,1984
12.2,1984
12.18,1984
12.19,1984
12.15,1984
12.12,1984
12.16,1984
12.15,1984
12.08,1984
11.88,1984
11.74,1984
11.69,1984
11.64,1984
11.62,1984
11.68,1984
11.78,1984
11.75,1984
11.61,1984
11.64,1984
11.53,1984
11.55,1984
11.5,1984
11.63,1984
11.78,1984
11.66,1984
11.74,1984
11.78,1984
11.7,1984
11.67,1984
11.6,1984
11.56,1984
11.46,1984
11.32,1984
11.35,1984
11.33,1984
11.44,1984
11.47,1984
11.58,1984
11.56,1984
11.53,1984
11.53,1984
11.62,1984
11.7,1984
11.66,1984
11.59,1984
11.56,1984
11.67,1984
11.56,1984
11.5,1984
11.35,1984
11.38,1984
11.43,1984
11.38,1984
11.36,1984
11.46,1984
11.48,1984
11.49,1984
11.54,1984
11.69,1985
11.64,1985
11.7,1985
11.53,1985
11.49,1985
11.5,1985
11.53,1985
11.64,1985
11.68,1985
11.57,1985
11.59,1985
11.59,1985
11.51,1985
11.38,1985
11.33,1985
11.18,1985
11.21,1985
11.2,1985
11.18,1985
11.16,1985
11.21,1985
11.32,1985
11.34,1985
11.3,1985
11.37,1985
11.29,1985
11.27,1985
11.35,1985
11.31,1985
11.24,1985
11.37,1985
11.35,1985
11.5,1985
11.58,1985
11.71,1985
11.71,1985
11.67,1985
11.88,1985
11.9,1985
11.82,1985
11.91,1985
11.83,1985
11.89,1985
11.93,1985
11.71,1985
11.71,1985
11.74,1985
11.83,1985
11.84,1985
11.86,1985
11.97,1985
11.93,1985
11.84,1985
11.77,1985
11.83,1985
11.79,1985
11.72,1985
11.78,1985
11.73,1985
11.64,1985
11.65,1985
11.68,1985
11.71,1985
11.74,1985
11.75,1985
11.66,1985
11.54,1985
11.4,1985
11.42,1985
11.37,1985
11.3,1985
11.33,1985
11.21,1985
11.26,1985
11.23,1985
11.34,1985
11.36,1985
11.44,1985
11.42,1985
11.54,1985
11.48,1985
11.37,1985
11.36,1985
11.31,1985
11.3,1985
11.29,1985
11.39,1985
11.34,1985
11.2,1985
11.2,1985
11.07,1985
11.08,1985
11.02,1985
11.05,1985
10.82,1985
10.85,1985
10.9,1985
10.91,1985
10.85,1985
10.72,1985
10.73,1985
10.67,1985
10.58,1985
10.4,1985
10.39,1985
10.25,1985
10.29,1985
10.52,1985
10.47,1985
10.41,1985
10.46,1985
10.51,1985
10.31,1985
10.28,1985
10.23,1985
10.37,1985
10.44,1985
10.57,1985
10.64,1985
10.67,1985
10.68,1985
10.54,1985
10.47,1985
10.44,1985
10.43,1985
10.45,1985
10.23,1985
10.31,1985
10.31,1985
10.33,1985
10.43,1985
10.42,1985
10.42,1985
10.37,1985
10.32,1985
10.48,1985
10.52,1985
10.6,1985
10.6,1985
10.63,1985
10.64,1985
10.72,1985
10.79,1985
10.78,1985
10.7,1985
10.62,1985
10.77,1985
10.73,1985
10.75,1985
10.71,1985
10.63,1985
10.61,1985
10.66,1985
10.71,1985
10.61,1985
10.64,1985
10.54,1985
10.5,1985
10.48,1985
10.42,1985
10.41,1985
10.42,1985
10.46,1985
10.38,1985
10.41,1985
10.37,1985
10.48,1985
10.46,1985
10.4,1985
10.49,1985
10.73,1985
10.73,1985
10.71,1985
10.73,1985
10.73,1985
10.62,1985
10.58,1985
10.64,1985
10.67,1985
10.65,1985
10.58,1985
10.64,1985
10.62,1985
10.56,1985
10.5,1985
10.57,1985
10.55,1985
10.59,1985
10.59,1985
10.61,1985
10.66,1985
10.63,1985
10.64,1985
10.61,1985
10.61,1985
10.56,1985
10.52,1985
10.47,1985
10.44,1985
10.44,1985
10.39,1985
10.39,1985
10.41,1985
10.47,1985
10.53,1985
10.37,1985
10.26,1985
10.28,1985
10.24,1985
10.23,1985
10.18,1985
10.19,1985
10.18,1985
10.13,1985
10.03,1985
10.07,1985
10.12,1985
10.18,1985
10.03,1985
10.0,1985
10.0,1985
9.93,1985
9.95,1985
9.98,1985
9.96,1985
9.91,1985
9.86,1985
9.94,1985
9.92,1985
9.88,1985
9.88,1985
9.9,1985
9.77,1985
9.65,1985
9.53,1985
9.58,1985
9.53,1985
9.45,1985
9.35,1985
9.4,1985
9.37,1985
9.33,1985
9.34,1985
9.33,1985
9.31,1985
9.27,1985
9.28,1985
9.27,1985
9.28,1986
9.3,1986
9.31,1986
9.18,1986
9.36,1986
9.45,1986
9.54,1986
9.65,1986
9.56,1986
9.42,1986
9.43,1986
9.4,1986
9.4,1986
9.45,1986
9.42,1986
9.45,1986
9.37,1986
9.3,1986
9.35,1986
9.36,1986
9.34,1986
9.28,1986
9.23,1986
9.28,1986
9.25,1986
9.32,1986
9.23,1986
9.16,1986
9.13,1986
9.08,1986
8.93,1986
8.89,1986
8.92,1986
8.88,1986
8.73,1986
8.61,1986
8.6,1986
8.54,1986
8.32,1986
8.27,1986
8.16,1986
8.1,1986
8.26,1986
8.19,1986
8.15,1986
8.0,1986
7.94,1986
7.91,1986
7.95,1986
7.95,1986
7.97,1986
8.0,1986
8.0,1986
7.95,1986
7.98,1986
7.89,1986
7.9,1986
7.82,1986
7.63,1986
7.44,1986
7.47,1986
7.43,1986
7.46,1986
7.53,1986
7.54,1986
7.39,1986
7.33,1986
7.31,1986
7.37,1986
7.29,1986
7.34,1986
7.14,1986
7.16,1986
7.19,1986
7.16,1986
7.28,1986
7.45,1986
7.59,1986
7.61,1986
7.54,1986
7.45,1986
7.47,1986
7.54,1986
7.62,1986
7.49,1986
7.5,1986
7.53,1986
7.36,1986
7.37,1986
7.41,1986
7.42,1986
7.43,1986
7.5,1986
7.64,1986
7.68,1986
7.58,1986
7.58,1986
7.5,1986
7.45,1986
7.41,1986
7.45,1986
7.66,1986
7.74,1986
7.91,1986
7.81,1986
7.93,1986
7.9,1986
7.65,1986
7.79,1986
7.78,1986
7.7,1986
7.7,1986
7.52,1986
7.43,1986
7.43,1986
7.44,1986
7.52,1986
7.47,1986
7.43,1986
7.39,1986
7.36,1986
7.35,1986
7.29,1986
7.24,1986
7.21,1986
7.22,1986
7.18,1986
7.16,1986
7.23,1986
7.15,1986
7.16,1986
7.19,1986
7.14,1986
7.12,1986
7.17,1986
7.2,1986
7.19,1986
7.17,1986
7.27,1986
7.36,1986
7.41,1986
7.4,1986
7.59,1986
7.5,1986
7.51,1986
7.46,1986
7.46,1986
7.46,1986
7.54,1986
7.57,1986
7.56,1986
7.41,1986
7.35,1986
7.34,1986
7.28,1986
7.29,1986
7.29,1986
7.28,1986
7.19,1986
7.17,1986
7.19,1986
7.27,1986
7.25,1986
7.2,1986
7.28,1986
7.26,1986
7.21,1986
7.23,1986
7.43,1986
7.4,1986
7.54,1986
7.59,1986
7.53,1986
7.54,1986
7.74,1986
7.74,1986
7.66,1986
7.67,1986
7.64,1986
7.74,1986
7.83,1986
7.79,1986
7.76,1986
7.64,1986
7.64,1986
7.63,1986
7.69,1986
7.6,1986
7.57,1986
7.61,1986
7.53,1986
7.53,1986
7.54,1986
7.6,1986
7.63,1986
7.66,1986
7.79,1986
7.78,1986
7.81,1986
7.84,1986
7.92,1986
7.84,1986
7.78,1986
7.72,1986
7.76,1986
7.71,1986
7.75,1986
7.71,1986
7.61,1986
7.61,1986
7.57,1986
7.59,1986
7.58,1986
7.55,1986
7.63,1986
7.64,1986
7.59,1986
7.59,1986
7.53,1986
7.48,1986
7.52,1986
7.44,1986
7.45,1986
7.44,1986
7.4,1986
7.44,1986
7.42,1986
7.41,1986
7.42,1986
7.34,1986
7.31,1986
7.29,1986
7.38,1986
7.34,1986
7.33,1986
7.32,1986
7.38,1986
7.39,1986
7.41,1986
7.39,1986
7.39,1986
7.38,1986
7.36,1986
7.36,1986
7.34,1986
7.34,1986
7.34,1986
7.41,1986
7.46,1986
7.49,1986
7.44,1987
7.35,1987
7.36,1987
7.33,1987
7.31,1987
7.29,1987
7.33,1987
7.37,1987
7.41,1987
7.39,1987
7.34,1987
7.32,1987
7.33,1987
7.36,1987
7.42,1987
7.49,1987
7.49,1987
7.46,1987
7.45,1987
7.48,1987
7.52,1987
7.53,1987
7.51,1987
7.47,1987
7.47,1987
7.53,1987
7.61,1987
7.64,1987
7.59,1987
7.57,1987
7.63,1987
7.6,1987
7.55,1987
7.55,1987
7.53,1987
7.48,1987
7.5,1987
7.5,1987
7.48,1987
7.46,1987
7.49,1987
7.44,1987
7.45,1987
7.52,1987
7.53,1987
7.53,1987
7.53,1987
7.52,1987
7.49,1987
7.52,1987
7.51,1987
7.52,1987
7.51,1987
7.53,1987
7.56,1987
7.59,1987
7.58,1987
7.56,1987
7.64,1987
7.84,1987
7.81,1987
7.89,1987
7.9,1987
7.89,1987
7.84,1987
7.92,1987
7.9,1987
8.06,1987
8.19,1987
8.26,1987
8.4,1987
8.32,1987
8.22,1987
8.39,1987
8.38,1987
8.44,1987
8.51,1987
8.69,1987
8.59,1987
8.5,1987
8.56,1987
8.45,1987
8.59,1987
8.72,1987
8.64,1987
8.75,1987
8.63,1987
8.61,1987
8.76,1987
8.72,1987
8.71,1987
8.73,1987
8.92,1987
8.88,1987
9.06,1987
9.07,1987
9.03,1987
8.95,1987
8.69,1987
8.75,1987
8.74,1987
8.65,1987
8.63,1987
8.9,1987
8.79,1987
8.76,1987
8.66,1987
8.68,1987
8.73,1987
8.72,1987
8.69,1987
8.5,1987
8.46,1987
8.47,1987
8.42,1987
8.45,1987
8.48,1987
8.41,1987
8.41,1987
8.47,1987
8.4,1987
8.5,1987
8.49,1987
8.51,1987
8.49,1987
8.43,1987
8.42,1987
8.4,1987
8.45,1987
8.52,1987
8.46,1987
8.54,1987
8.51,1987
8.61,1987
8.59,1987
8.55,1987
8.61,1987
8.72,1987
8.78,1987
8.8,1987
8.83,1987
8.84,1987
8.86,1987
8.85,1987
8.84,1987
8.89,1987
9.02,1987
9.04,1987
8.95,1987
8.96,1987
8.93,1987
8.96,1987
8.95,1987
8.95,1987
8.85,1987
8.77,1987
8.77,1987
8.95,1987
8.98,1987
8.94,1987
8.97,1987
8.99,1987
8.94,1987
8.99,1987
9.11,1987
9.18,1987
9.17,1987
9.24,1987
9.45,1987
9.47,1987
9.47,1987
9.65,1987
9.66,1987
9.6,1987
9.5,1987
9.52,1987
9.64,1987
9.7,1987
9.65,1987
9.56,1987
9.63,1987
9.53,1987
9.55,1987
9.67,1987
9.68,1987
9.67,1987
9.8,1987
9.79,1987
9.8,1987
9.7,1987
9.79,1987
9.81,1987
9.79,1987
9.86,1987
9.96,1987
9.92,1987
10.12,1987
10.24,1987
10.24,1987
10.25,1987
9.49,1987
9.44,1987
9.15,1987
9.11,1987
8.94,1987
9.04,1987
9.14,1987
9.08,1987
9.03,1987
9.13,1987
9.03,1987
8.92,1987
8.8,1987
8.85,1987
8.86,1987
8.88,1987
8.88,1987
8.93,1987
8.9,1987
8.94,1987
8.94,1987
8.92,1987
8.88,1987
8.89,1987
9.0,1987
9.06,1987
9.18,1987
9.1,1987
9.15,1987
9.15,1987
9.09,1987
9.12,1987
9.22,1987
9.26,1987
9.22,1987
9.4,1987
9.45,1987
9.41,1987
9.24,1987
9.14,1987
9.15,1987
8.96,1987
9.01,1987
9.05,1987
8.91,1987
8.9,1987
9.01,1987
8.95,1987
8.9,1987
8.95,1987
8.95,1988
8.88,1988
8.97,1988
8.97,1988
9.12,1988
9.1,1988
9.1,1988
9.05,1988
9.05,1988
8.76,1988
8.81,1988
8.78,1988
8.7,1988
8.67,1988
8.62,1988
8.71,1988
8.55,1988
8.49,1988
8.42,1988
8.42,1988
8.32,1988
8.39,1988
8.46,1988
8.36,1988
8.41,1988
8.4,1988
8.35,1988
8.4,1988
8.5,1988
8.53,1988
8.54,1988
8.51,1988
8.5,1988
8.48,1988
8.4,1988
8.41,1988
8.45,1988
8.42,1988
8.39,1988
8.4,1988
8.37,1988
8.36,1988
8.52,1988
8.54,1988
8.58,1988
8.58,1988
8.6,1988
8.55,1988
8.55,1988
8.56,1988
8.63,1988
8.57,1988
8.69,1988
8.74,1988
8.73,1988
8.76,1988
8.77,1988
8.72,1988
8.83,1988
8.81,1988
8.83,1988
8.82,1988
8.92,1988
8.9,1988
8.83,1988
8.82,1988
8.74,1988
8.82,1988
8.79,1988
8.77,1988
8.91,1988
8.97,1988
9.03,1988
9.06,1988
9.06,1988
9.06,1988
9.03,1988
9.03,1988
9.04,1988
9.05,1988
9.11,1988
9.11,1988
9.17,1988
9.12,1988
9.13,1988
9.12,1988
9.18,1988
9.18,1988
9.2,1988
9.22,1988
9.17,1988
9.11,1988
9.13,1988
9.22,1988
9.31,1988
9.3,1988
9.35,1988
9.36,1988
9.34,1988
9.31,1988
9.32,1988
9.33,1988
9.3,1988
9.12,1988
9.16,1988
9.07,1988
9.06,1988
9.12,1988
9.02,1988
9.06,1988
9.04,1988
9.02,1988
8.81,1988
8.83,1988
8.98,1988
9.12,1988
9.09,1988
9.1,1988
8.94,1988
8.9,1988
8.87,1988
8.96,1988
8.89,1988
8.92,1988
8.87,1988
8.84,1988
8.88,1988
8.98,1988
9.0,1988
9.1,1988
9.06,1988
9.11,1988
9.2,1988
9.19,1988
9.16,1988
9.24,1988
9.21,1988
9.24,1988
9.27,1988
9.21,1988
9.16,1988
9.19,1988
9.26,1988
9.27,1988
9.23,1988
9.17,1988
9.08,1988
9.1,1988
9.04,1988
9.14,1988
9.13,1988
9.21,1988
9.36,1988
9.4,1988
9.42,1988
9.44,1988
9.4,1988
9.43,1988
9.41,1988
9.41,1988
9.44,1988
9.39,1988
9.4,1988
9.46,1988
9.43,1988
9.36,1988
9.33,1988
9.31,1988
9.31,1988
9.05,1988
9.05,1988
9.04,1988
9.05,1988
8.99,1988
9.04,1988
9.01,1988
8.96,1988
9.0,1988
9.01,1988
9.07,1988
9.06,1988
9.02,1988
9.05,1988
9.05,1988
9.09,1988
9.11,1988
9.15,1988
9.08,1988
8.98,1988
8.96,1988
8.97,1988
8.98,1988
8.97,1988
8.81,1988
8.86,1988
8.94,1988
8.94,1988
8.9,1988
8.88,1988
8.87,1988
8.91,1988
8.85,1988
8.89,1988
8.93,1988
8.93,1988
8.92,1988
8.84,1988
8.8,1988
8.74,1988
8.76,1988
8.81,1988
8.76,1988
8.91,1988
8.96,1988
8.97,1988
9.01,1988
8.99,1988
9.01,1988
9.01,1988
9.1,1988
9.14,1988
9.12,1988
9.11,1988
9.12,1988
9.11,1988
9.18,1988
9.15,1988
9.13,1988
9.07,1988
9.02,1988
9.18,1988
9.13,1988
8.95,1988
8.98,1988
8.97,1988
8.97,1988
8.94,1988
8.98,1988
9.06,1988
9.07,1988
9.05,1988
9.05,1988
8.96,1988
8.96,1988
8.94,1988
8.92,1988
8.96,1988
9.01,1988
9.01,1988
9.0,1988
9.09,1989
9.08,1989
9.1,1989
9.06,1989
9.05,1989
9.05,1989
9.05,1989
8.98,1989
8.89,1989
8.89,1989
8.84,1989
8.86,1989
8.89,1989
8.87,1989
8.78,1989
8.82,1989
8.81,1989
8.76,1989
8.83,1989
8.84,1989
8.83,1989
8.82,1989
8.84,1989
8.85,1989
8.8,1989
8.82,1989
8.99,1989
9.05,1989
9.06,1989
9.1,1989
9.09,1989
9.06,1989
9.05,1989
9.05,1989
9.12,1989
9.17,1989
9.18,1989
9.17,1989
9.14,1989
9.18,1989
9.13,1989
9.13,1989
9.09,1989
9.09,1989
9.05,1989
9.07,1989
9.15,1989
9.15,1989
9.13,1989
9.13,1989
9.12,1989
9.3,1989
9.31,1989
9.3,1989
9.25,1989
9.23,1989
9.23,1989
9.2,1989
9.15,1989
9.14,1989
9.11,1989
9.07,1989
9.03,1989
9.02,1989
9.04,1989
9.11,1989
9.1,1989
9.1,1989
9.11,1989
9.15,1989
9.04,1989
9.06,1989
8.94,1989
8.96,1989
9.03,1989
8.99,1989
8.99,1989
8.97,1989
8.96,1989
8.92,1989
8.91,1989
9.0,1989
8.95,1989
8.95,1989
8.99,1989
8.95,1989
8.99,1989
9.08,1989
9.12,1989
9.07,1989
8.84,1989
8.85,1989
8.84,1989
8.81,1989
8.78,1989
8.72,1989
8.6,1989
8.62,1989
8.63,1989
8.66,1989
8.63,1989
8.63,1989
8.6,1989
8.61,1989
8.48,1989
8.44,1989
8.41,1989
8.34,1989
8.31,1989
8.15,1989
8.13,1989
8.21,1989
8.17,1989
8.3,1989
8.31,1989
8.34,1989
8.28,1989
8.33,1989
8.34,1989
8.2,1989
8.16,1989
8.08,1989
8.13,1989
8.09,1989
8.05,1989
8.07,1989
8.14,1989
8.1,1989
8.04,1989
8.02,1989
8.04,1989
8.04,1989
8.05,1989
8.09,1989
8.11,1989
8.17,1989
8.14,1989
8.1,1989
8.16,1989
8.14,1989
8.12,1989
8.11,1989
8.03,1989
7.99,1989
7.92,1989
7.83,1989
7.84,1989
7.9,1989
8.08,1989
8.08,1989
8.08,1989
8.12,1989
8.08,1989
8.13,1989
8.23,1989
8.19,1989
8.13,1989
8.16,1989
8.15,1989
8.18,1989
8.25,1989
8.19,1989
8.16,1989
8.18,1989
8.23,1989
8.21,1989
8.2,1989
8.21,1989
8.14,1989
8.14,1989
8.11,1989
8.11,1989
8.07,1989
8.07,1989
8.09,1989
8.15,1989
8.12,1989
8.08,1989
8.09,1989
8.09,1989
8.15,1989
8.19,1989
8.2,1989
8.3,1989
8.25,1989
8.25,1989
8.25,1989
8.24,1989
8.22,1989
8.19,1989
8.16,1989
8.09,1989
8.01,1989
8.01,1989
8.05,1989
8.02,1989
7.88,1989
7.98,1989
8.01,1989
8.03,1989
7.97,1989
7.98,1989
7.94,1989
7.87,1989
7.88,1989
7.89,1989
7.95,1989
7.93,1989
7.92,1989
7.89,1989
7.88,1989
7.92,1989
7.97,1989
7.88,1989
7.88,1989
7.91,1989
7.9,1989
7.89,1989
7.9,1989
7.87,1989
7.87,1989
7.94,1989
7.92,1989
7.91,1989
7.88,1989
7.88,1989
7.92,1989
7.91,1989
7.93,1989
7.9,1989
7.88,1989
7.88,1989
7.88,1989
7.91,1989
7.93,1989
7.88,1989
7.89,1989
7.9,1989
7.88,1989
7.85,1989
7.86,1989
7.83,1989
7.85,1989
7.84,1989
7.86,1989
7.88,1989
8.0,1989
7.98,1989
7.97,1989
7.98,1989
8.0,1990
8.04,1990
8.04,1990
8.06,1990
8.09,1990
8.1,1990
8.11,1990
8.11,1990
8.17,1990
8.25,1990
8.25,1990
8.35,1990
8.29,1990
8.31,1990
8.29,1990
8.41,1990
8.46,1990
8.55,1990
8.54,1990
8.55,1990
8.46,1990
8.44,1990
8.51,1990
8.53,1990
8.58,1990
8.57,1990
8.5,1990
8.36,1990
8.43,1990
8.39,1990
8.41,1990
8.47,1990
8.46,1990
8.66,1990
8.66,1990
8.56,1990
8.56,1990
8.49,1990
8.45,1990
8.54,1990
8.61,1990
8.55,1990
8.66,1990
8.59,1990
8.58,1990
8.56,1990
8.63,1990
8.62,1990
8.72,1990
8.61,1990
8.63,1990
8.55,1990
8.54,1990
8.47,1990
8.47,1990
8.49,1990
8.48,1990
8.47,1990
8.48,1990
8.47,1990
8.58,1990
8.63,1990
8.63,1990
8.61,1990
8.52,1990
8.52,1990
8.52,1990
8.55,1990
8.57,1990
8.58,1990
8.6,1990
8.64,1990
8.74,1990
8.85,1990
8.86,1990
8.93,1990
8.96,1990
8.98,1990
8.98,1990
9.04,1990
9.04,1990
9.0,1990
9.04,1990
9.05,1990
8.99,1990
8.83,1990
8.85,1990
8.81,1990
8.9,1990
8.81,1990
8.64,1990
8.58,1990
8.62,1990
8.64,1990
8.65,1990
8.7,1990
8.69,1990
8.61,1990
8.59,1990
8.6,1990
8.67,1990
8.64,1990
8.6,1990
8.58,1990
8.43,1990
8.43,1990
8.46,1990
8.44,1990
8.43,1990
8.44,1990
8.45,1990
8.45,1990
8.39,1990
8.36,1990
8.43,1990
8.47,1990
8.48,1990
8.52,1990
8.5,1990
8.49,1990
8.56,1990
8.53,1990
8.49,1990
8.45,1990
8.41,1990
8.41,1990
8.4,1990
8.42,1990
8.51,1990
8.55,1990
8.56,1990
8.56,1990
8.5,1990
8.46,1990
8.46,1990
8.46,1990
8.55,1990
8.56,1990
8.54,1990
8.54,1990
8.59,1990
8.55,1990
8.54,1990
8.48,1990
8.4,1990
8.42,1990
8.36,1990
8.46,1990
8.55,1990
8.82,1990
8.86,1990
8.87,1990
8.75,1990
8.79,1990
8.83,1990
8.78,1990
8.76,1990
8.91,1990
8.94,1990
8.92,1990
8.94,1990
9.03,1990
9.11,1990
9.17,1990
9.02,1990
9.07,1990
8.95,1990
8.98,1990
8.99,1990
9.03,1990
8.98,1990
8.96,1990
8.92,1990
8.98,1990
8.96,1990
8.96,1990
8.96,1990
9.01,1990
9.06,1990
9.05,1990
9.02,1990
9.05,1990
9.13,1990
9.18,1990
9.15,1990
9.14,1990
9.05,1990
8.96,1990
8.84,1990
8.84,1990
8.85,1990
8.81,1990
8.79,1990
8.98,1990
9.03,1990
9.08,1990
8.98,1990
8.95,1990
8.94,1990
8.89,1990
8.85,1990
8.75,1990
8.76,1990
8.79,1990
8.79,1990
8.74,1990
8.76,1990
8.84,1990
8.83,1990
8.78,1990
8.7,1990
8.7,1990
8.63,1990
8.64,1990
8.71,1990
8.73,1990
8.63,1990
8.52,1990
8.51,1990
8.53,1990
8.46,1990
8.51,1990
8.47,1990
8.44,1990
8.44,1990
8.42,1990
8.44,1990
8.46,1990
8.47,1990
8.4,1990
8.36,1990
8.37,1990
8.32,1990
8.35,1990
8.19,1990
8.14,1990
8.1,1990
8.07,1990
8.14,1990
8.2,1990
8.18,1990
8.15,1990
8.19,1990
8.22,1990
8.28,1990
8.36,1990
8.3,1990
8.25,1990
8.31,1990
8.26,1990
8.14,1991
8.11,1991
8.2,1991
8.32,1991
8.37,1991
8.46,1991
8.37,1991
8.39,1991
8.41,1991
8.41,1991
8.4,1991
8.18,1991
8.17,1991
8.23,1991
8.21,1991
8.18,1991
8.24,1991
8.23,1991
8.2,1991
8.23,1991
8.21,1991
8.09,1991
8.05,1991
8.02,1991
8.02,1991
8.01,1991
7.95,1991
7.97,1991
7.96,1991
7.97,1991
7.99,1991
7.97,1991
7.99,1991
8.02,1991
8.04,1991
8.07,1991
8.05,1991
8.14,1991
8.15,1991
8.19,1991
8.28,1991
8.29,1991
8.25,1991
8.29,1991
8.23,1991
8.3,1991
8.23,1991
8.26,1991
8.2,1991
8.2,1991
8.3,1991
8.34,1991
8.42,1991
8.37,1991
8.34,1991
8.33,1991
8.32,1991
8.31,1991
8.26,1991
8.24,1991
8.25,1991
8.22,1991
8.24,1991
8.19,1991
8.18,1991
8.16,1991
8.2,1991
8.27,1991
8.27,1991
8.16,1991
8.12,1991
8.13,1991
8.11,1991
8.18,1991
8.24,1991
8.3,1991
8.28,1991
8.22,1991
8.24,1991
8.22,1991
8.23,1991
8.2,1991
8.18,1991
8.14,1991
8.22,1991
8.23,1991
8.24,1991
8.24,1991
8.21,1991
8.33,1991
8.27,1991
8.36,1991
8.34,1991
8.33,1991
8.28,1991
8.3,1991
8.26,1991
8.28,1991
8.31,1991
8.31,1991
8.28,1991
8.29,1991
8.22,1991
8.26,1991
8.34,1991
8.34,1991
8.39,1991
8.42,1991
8.48,1991
8.48,1991
8.48,1991
8.55,1991
8.53,1991
8.47,1991
8.49,1991
8.52,1991
8.52,1991
8.48,1991
8.51,1991
8.51,1991
8.51,1991
8.51,1991
8.49,1991
8.42,1991
8.44,1991
8.44,1991
8.42,1991
8.49,1991
8.51,1991
8.53,1991
8.53,1991
8.47,1991
8.44,1991
8.44,1991
8.46,1991
8.49,1991
8.5,1991
8.48,1991
8.48,1991
8.5,1991
8.42,1991
8.38,1991
8.39,1991
8.39,1991
8.39,1991
8.36,1991
8.38,1991
8.25,1991
8.24,1991
8.18,1991
8.17,1991
8.22,1991
8.23,1991
8.21,1991
8.17,1991
8.08,1991
8.09,1991
8.09,1991
8.11,1991
8.09,1991
8.07,1991
8.05,1991
8.13,1991
8.15,1991
8.14,1991
8.06,1991
7.99,1991
8.06,1991
8.05,1991
8.06,1991
8.09,1991
8.02,1991
8.0,1991
8.01,1991
8.02,1991
7.96,1991
7.95,1991
7.93,1991
7.92,1991
7.92,1991
7.92,1991
7.89,1991
7.88,1991
7.89,1991
7.91,1991
7.89,1991
7.83,1991
7.82,1991
7.81,1991
7.83,1991
7.84,1991
7.79,1991
7.79,1991
7.82,1991
7.91,1991
7.98,1991
7.9,1991
7.87,1991
7.88,1991
8.0,1991
7.97,1991
8.06,1991
8.1,1991
8.09,1991
8.03,1991
8.05,1991
8.03,1991
7.91,1991
7.9,1991
7.91,1991
7.93,1991
7.95,1991
8.02,1991
8.01,1991
7.92,1991
7.88,1991
7.8,1991
7.88,1991
7.82,1991
7.84,1991
7.84,1991
7.9,1991
7.92,1991
7.96,1991
7.99,1991
7.99,1991
7.95,1991
7.97,1991
7.94,1991
7.92,1991
7.9,1991
7.84,1991
7.86,1991
7.78,1991
7.78,1991
7.79,1991
7.81,1991
7.77,1991
7.79,1991
7.77,1991
7.75,1991
7.76,1991
7.68,1991
7.59,1991
7.53,1991
7.53,1991
7.51,1991
7.52,1991
7.45,1991
7.41,1991
7.46,1992
7.48,1992
7.44,1992
7.39,1992
7.41,1992
7.42,1992
7.47,1992
7.49,1992
7.54,1992
7.57,1992
7.65,1992
7.61,1992
7.57,1992
7.62,1992
7.71,1992
7.71,1992
7.71,1992
7.66,1992
7.75,1992
7.79,1992
7.77,1992
7.82,1992
7.76,1992
7.74,1992
7.75,1992
7.77,1992
7.79,1992
7.79,1992
7.81,1992
7.92,1992
7.91,1992
7.97,1992
7.93,1992
7.91,1992
7.95,1992
7.97,1992
7.94,1992
7.85,1992
7.86,1992
7.8,1992
7.9,1992
7.93,1992
7.9,1992
7.95,1992
7.93,1992
7.88,1992
7.89,1992
7.96,1992
8.04,1992
8.06,1992
8.07,1992
8.02,1992
8.01,1992
7.98,1992
8.05,1992
8.04,1992
7.94,1992
7.94,1992
7.99,1992
7.94,1992
7.95,1992
7.96,1992
7.9,1992
7.92,1992
7.88,1992
7.88,1992
7.9,1992
7.94,1992
7.85,1992
7.89,1992
7.86,1992
7.88,1992
7.87,1992
7.93,1992
8.02,1992
8.03,1992
8.04,1992
8.06,1992
8.06,1992
8.1,1992
8.06,1992
8.08,1992
8.06,1992
8.01,1992
8.03,1992
8.01,1992
7.97,1992
8.0,1992
7.9,1992
7.9,1992
7.86,1992
7.85,1992
7.87,1992
7.81,1992
7.82,1992
7.77,1992
7.79,1992
7.86,1992
7.83,1992
7.92,1992
7.91,1992
7.87,1992
7.84,1992
7.9,1992
7.87,1992
7.88,1992
7.88,1992
7.84,1992
7.84,1992
7.88,1992
7.9,1992
7.88,1992
7.85,1992
7.85,1992
7.84,1992
7.82,1992
7.8,1992
7.83,1992
7.84,1992
7.85,1992
7.83,1992
7.78,1992
7.79,1992
7.78,1992
7.79,1992
7.76,1992
7.63,1992
7.62,1992
7.61,1992
7.61,1992
7.61,1992
7.64,1992
7.67,1992
7.69,1992
7.64,1992
7.62,1992
7.68,1992
7.66,1992
7.67,1992
7.62,1992
7.54,1992
7.57,1992
7.53,1992
7.44,1992
7.43,1992
7.46,1992
7.46,1992
7.46,1992
7.43,1992
7.43,1992
7.45,1992
7.4,1992
7.37,1992
7.33,1992
7.33,1992
7.36,1992
7.33,1992
7.37,1992
7.33,1992
7.33,1992
7.32,1992
7.36,1992
7.44,1992
7.47,1992
7.43,1992
7.42,1992
7.42,1992
7.42,1992
7.38,1992
7.37,1992
7.37,1992
7.29,1992
7.23,1992
7.25,1992
7.24,1992
7.3,1992
7.26,1992
7.33,1992
7.35,1992
7.34,1992
7.32,1992
7.35,1992
7.45,1992
7.48,1992
7.42,1992
7.35,1992
7.34,1992
7.36,1992
7.38,1992
7.3,1992
7.33,1992
7.34,1992
7.41,1992
7.48,1992
7.45,1992
7.52,1992
7.53,1992
7.5,1992
7.51,1992
7.54,1992
7.57,1992
7.65,1992
7.63,1992
7.61,1992
7.65,1992
7.66,1992
7.62,1992
7.64,1992
7.6,1992
7.63,1992
7.66,1992
7.65,1992
7.69,1992
7.69,1992
7.76,1992
7.75,1992
7.68,1992
7.57,1992
7.57,1992
7.56,1992
7.55,1992
7.51,1992
7.54,1992
7.54,1992
7.56,1992
7.53,1992
7.54,1992
7.59,1992
7.59,1992
7.57,1992
7.57,1992
7.57,1992
7.5,1992
7.45,1992
7.44,1992
7.44,1992
7.42,1992
7.44,1992
7.45,1992
7.45,1992
7.44,1992
7.43,1992
7.43,1992
7.38,1992
7.34,1992
7.36,1992
7.36,1992
7.4,1992
7.37,1992
7.39,1992
7.4,1992
7.33,1993
7.33,1993
7.34,1993
7.45,1993
7.47,1993
7.47,1993
7.48,1993
7.45,1993
7.41,1993
7.35,1993
7.31,1993
7.32,1993
7.31,1993
7.3,1993
7.22,1993
7.26,1993
7.25,1993
7.23,1993
7.21,1993
7.21,1993
7.25,1993
7.23,1993
7.19,1993
7.17,1993
7.18,1993
7.2,1993
7.26,1993
7.15,1993
7.13,1993
7.14,1993
7.11,1993
7.02,1993
7.01,1993
6.95,1993
6.83,1993
6.88,1993
6.89,1993
6.9,1993
6.83,1993
6.84,1993
6.78,1993
6.73,1993
6.76,1993
6.72,1993
6.73,1993
6.75,1993
6.75,1993
6.86,1993
6.91,1993
6.87,1993
6.86,1993
6.8,1993
6.81,1993
6.81,1993
6.77,1993
6.81,1993
6.83,1993
6.94,1993
6.9,1993
6.91,1993
6.93,1993
6.97,1993
7.06,1993
7.04,1993
6.97,1993
6.96,1993
6.85,1993
6.79,1993
6.8,1993
6.76,1993
6.73,1993
6.76,1993
6.73,1993
6.76,1993
6.75,1993
6.75,1993
6.79,1993
6.83,1993
6.9,1993
6.91,1993
6.88,1993
6.95,1993
6.86,1993
6.81,1993
6.82,1993
6.8,1993
6.85,1993
6.81,1993
6.82,1993
6.86,1993
6.96,1993
6.95,1993
6.97,1993
7.02,1993
6.98,1993
6.99,1993
7.03,1993
6.99,1993
7.01,1993
6.94,1993
6.93,1993
6.98,1993
6.88,1993
6.88,1993
6.86,1993
6.91,1993
6.88,1993
6.91,1993
6.87,1993
6.88,1993
6.8,1993
6.81,1993
6.83,1993
6.82,1993
6.81,1993
6.82,1993
6.78,1993
6.78,1993
6.77,1993
6.74,1993
6.71,1993
6.67,1993
6.67,1993
6.68,1993
6.69,1993
6.67,1993
6.68,1993
6.68,1993
6.66,1993
6.64,1993
6.62,1993
6.62,1993
6.56,1993
6.55,1993
6.54,1993
6.54,1993
6.55,1993
6.62,1993
6.65,1993
6.71,1993
6.68,1993
6.68,1993
6.66,1993
6.57,1993
6.57,1993
6.56,1993
6.53,1993
6.54,1993
6.53,1993
6.53,1993
6.47,1993
6.45,1993
6.44,1993
6.37,1993
6.35,1993
6.31,1993
6.31,1993
6.26,1993
6.21,1993
6.22,1993
6.22,1993
6.2,1993
6.18,1993
6.09,1993
6.13,1993
6.12,1993
6.09,1993
6.09,1993
6.04,1993
5.95,1993
5.88,1993
5.86,1993
5.96,1993
5.89,1993
5.86,1993
5.97,1993
6.0,1993
6.01,1993
6.04,1993
6.08,1993
6.14,1993
6.1,1993
6.06,1993
6.06,1993
5.97,1993
5.94,1993
6.0,1993
6.04,1993
5.98,1993
5.99,1993
6.01,1993
6.01,1993
6.01,1993
5.92,1993
5.92,1993
5.92,1993
5.86,1993
5.78,1993
5.85,1993
5.85,1993
5.83,1993
5.92,1993
5.98,1993
6.02,1993
6.0,1993
6.0,1993
5.97,1993
5.96,1993
6.02,1993
6.07,1993
6.11,1993
6.19,1993
6.22,1993
6.22,1993
6.16,1993
6.21,1993
6.15,1993
6.17,1993
6.17,1993
6.19,1993
6.23,1993
6.34,1993
6.36,1993
6.3,1993
6.31,1993
6.26,1993
6.23,1993
6.29,1993
6.28,1993
6.27,1993
6.25,1993
6.17,1993
6.17,1993
6.17,1993
6.15,1993
6.19,1993
6.24,1993
6.29,1993
6.29,1993
6.31,1993
6.29,1993
6.3,1993
6.32,1993
6.22,1993
6.22,1993
6.23,1993
6.24,1993
6.25,1993
6.34,1993
6.35,1993
6.41,1994
6.37,1994
6.4,1994
6.36,1994
6.24,1994
6.24,1994
6.25,1994
6.17,1994
6.26,1994
6.3,1994
6.28,1994
6.3,1994
6.27,1994
6.29,1994
6.3,1994
6.34,1994
6.33,1994
6.27,1994
6.21,1994
6.23,1994
6.31,1994
6.29,1994
6.31,1994
6.37,1994
6.38,1994
6.44,1994
6.43,1994
6.45,1994
6.41,1994
6.45,1994
6.45,1994
6.46,1994
6.54,1994
6.63,1994
6.6,1994
6.65,1994
6.75,1994
6.73,1994
6.67,1994
6.79,1994
6.79,1994
6.84,1994
6.85,1994
6.8,1994
6.85,1994
6.85,1994
6.94,1994
6.91,1994
6.93,1994
6.9,1994
6.82,1994
6.82,1994
6.9,1994
6.94,1994
6.85,1994
6.85,1994
6.98,1994
6.99,1994
6.98,1994
7.06,1994
7.1,1994
7.11,1994
7.43,1994
7.28,1994
7.25,1994
7.21,1994
7.26,1994
7.24,1994
7.2,1994
7.26,1994
7.29,1994
7.29,1994
7.41,1994
7.37,1994
7.33,1994
7.22,1994
7.21,1994
7.14,1994
7.12,1994
7.29,1994
7.31,1994
7.33,1994
7.35,1994
7.35,1994
7.33,1994
7.53,1994
7.63,1994
7.5,1994
7.6,1994
7.57,1994
7.5,1994
7.46,1994
7.27,1994
7.27,1994
7.24,1994
7.3,1994
7.44,1994
7.41,1994
7.37,1994
7.37,1994
7.4,1994
7.44,1994
7.39,1994
7.35,1994
7.26,1994
7.21,1994
7.26,1994
7.28,1994
7.28,1994
7.32,1994
7.36,1994
7.31,1994
7.41,1994
7.38,1994
7.45,1994
7.46,1994
7.51,1994
7.41,1994
7.4,1994
7.52,1994
7.46,1994
7.53,1994
7.51,1994
7.63,1994
7.62,1994
7.6,1994
7.61,1994
7.6,1994
7.7,1994
7.73,1994
7.69,1994
7.68,1994
7.54,1994
7.55,1994
7.51,1994
7.47,1994
7.55,1994
7.55,1994
7.56,1994
7.53,1994
7.55,1994
7.6,1994
7.55,1994
7.39,1994
7.41,1994
7.4,1994
7.38,1994
7.4,1994
7.54,1994
7.53,1994
7.57,1994
7.58,1994
7.56,1994
7.48,1994
7.51,1994
7.39,1994
7.39,1994
7.5,1994
7.5,1994
7.56,1994
7.54,1994
7.47,1994
7.55,1994
7.49,1994
7.5,1994
7.47,1994
7.46,1994
7.46,1994
7.5,1994
7.55,1994
7.58,1994
7.58,1994
7.71,1994
7.72,1994
7.7,1994
7.68,1994
7.64,1994
7.78,1994
7.75,1994
7.78,1994
7.8,1994
7.79,1994
7.8,1994
7.8,1994
7.85,1994
7.81,1994
7.86,1994
7.82,1994
7.86,1994
7.89,1994
7.95,1994
7.95,1994
7.91,1994
7.86,1994
7.89,1994
7.84,1994
7.83,1994
7.83,1994
7.86,1994
7.9,1994
8.0,1994
7.99,1994
8.04,1994
8.06,1994
8.06,1994
8.05,1994
7.96,1994
7.97,1994
8.06,1994
8.09,1994
8.11,1994
8.16,1994
8.16,1994
8.12,1994
8.09,1994
8.15,1994
8.09,1994
8.05,1994
8.09,1994
8.14,1994
8.14,1994
8.14,1994
8.11,1994
7.96,1994
7.94,1994
7.99,1994
8.05,1994
7.99,1994
8.02,1994
7.92,1994
7.94,1994
7.84,1994
7.9,1994
7.88,1994
7.86,1994
7.92,1994
7.86,1994
7.86,1994
7.86,1994
7.86,1994
7.84,1994
7.85,1994
7.84,1994
7.87,1994
7.85,1994
7.76,1994
7.83,1994
7.85,1994
7.89,1994
7.93,1995
7.85,1995
7.91,1995
7.87,1995
7.9,1995
7.87,1995
7.85,1995
7.88,1995
7.8,1995
7.78,1995
7.78,1995
7.82,1995
7.9,1995
7.91,1995
7.93,1995
7.88,1995
7.85,1995
7.75,1995
7.76,1995
7.71,1995
7.75,1995
7.76,1995
7.61,1995
7.64,1995
7.65,1995
7.66,1995
7.65,1995
7.68,1995
7.67,1995
7.61,1995
7.58,1995
7.57,1995
7.59,1995
7.61,1995
7.54,1995
7.56,1995
7.54,1995
7.49,1995
7.46,1995
7.45,1995
7.5,1995
7.56,1995
7.59,1995
7.64,1995
7.56,1995
7.53,1995
7.46,1995
7.45,1995
7.35,1995
7.36,1995
7.33,1995
7.37,1995
7.4,1995
7.43,1995
7.46,1995
7.47,1995
7.38,1995
7.33,1995
7.41,1995
7.4,1995
7.43,1995
7.44,1995
7.39,1995
7.38,1995
7.38,1995
7.36,1995
7.39,1995
7.39,1995
7.37,1995
7.36,1995
7.34,1995
7.39,1995
7.4,1995
7.37,1995
7.35,1995
7.34,1995
7.32,1995
7.33,1995
7.32,1995
7.33,1995
7.34,1995
7.35,1995
7.33,1995
7.25,1995
7.15,1995
7.02,1995
7.02,1995
6.94,1995
6.97,1995
6.99,1995
7.0,1995
6.95,1995
6.87,1995
6.86,1995
6.91,1995
6.91,1995
6.92,1995
6.87,1995
6.77,1995
6.73,1995
6.75,1995
6.67,1995
6.67,1995
6.61,1995
6.52,1995
6.51,1995
6.51,1995
6.53,1995
6.57,1995
6.72,1995
6.71,1995
6.56,1995
6.57,1995
6.61,1995
6.62,1995
6.56,1995
6.57,1995
6.55,1995
6.48,1995
6.51,1995
6.54,1995
6.56,1995
6.52,1995
6.65,1995
6.63,1995
6.63,1995
6.61,1995
6.51,1995
6.52,1995
6.51,1995
6.57,1995
6.55,1995
6.55,1995
6.6,1995
6.67,1995
6.73,1995
6.89,1995
6.87,1995
6.96,1995
6.9,1995
6.84,1995
6.9,1995
6.84,1995
6.91,1995
6.86,1995
6.92,1995
6.86,1995
6.93,1995
6.9,1995
6.89,1995
6.89,1995
6.93,1995
6.9,1995
6.98,1995
6.96,1995
6.92,1995
6.89,1995
6.9,1995
6.91,1995
6.87,1995
6.89,1995
6.92,1995
6.84,1995
6.72,1995
6.7,1995
6.72,1995
6.7,1995
6.65,1995
6.61,1995
6.57,1995
6.57,1995
6.6,1995
6.6,1995
6.6,1995
6.51,1995
6.52,1995
6.45,1995
6.47,1995
6.53,1995
6.49,1995
6.46,1995
6.56,1995
6.59,1995
6.58,1995
6.58,1995
6.61,1995
6.59,1995
6.49,1995
6.48,1995
6.46,1995
6.44,1995
6.43,1995
6.43,1995
6.43,1995
6.44,1995
6.41,1995
6.3,1995
6.32,1995
6.3,1995
6.32,1995
6.31,1995
6.35,1995
6.38,1995
6.33,1995
6.32,1995
6.38,1995
6.35,1995
6.35,1995
6.34,1995
6.29,1995
6.25,1995
6.28,1995
6.29,1995
6.31,1995
6.25,1995
6.29,1995
6.33,1995
6.28,1995
6.3,1995
6.3,1995
6.24,1995
6.23,1995
6.25,1995
6.27,1995
6.28,1995
6.25,1995
6.23,1995
6.24,1995
6.22,1995
6.14,1995
6.1,1995
6.01,1995
6.04,1995
6.03,1995
6.07,1995
6.06,1995
6.04,1995
6.05,1995
6.07,1995
6.08,1995
6.09,1995
6.2,1995
6.14,1995
6.11,1995
6.11,1995
6.06,1995
6.04,1995
6.01,1995
5.98,1995
5.96,1995
5.97,1996
5.96,1996
6.03,1996
6.05,1996
6.04,1996
6.06,1996
6.16,1996
6.16,1996
6.16,1996
6.09,1996
6.0,1996
5.98,1996
5.97,1996
6.04,1996
6.09,1996
6.02,1996
6.11,1996
6.04,1996
6.09,1996
6.04,1996
6.03,1996
6.08,1996
6.15,1996
6.15,1996
6.14,1996
6.15,1996
6.09,1996
6.11,1996
6.05,1996
6.02,1996
6.07,1996
6.16,1996
6.23,1996
6.39,1996
6.39,1996
6.36,1996
6.42,1996
6.45,1996
6.47,1996
6.48,1996
6.48,1996
6.38,1996
6.34,1996
6.39,1996
6.44,1996
6.46,1996
6.7,1996
6.63,1996
6.66,1996
6.68,1996
6.68,1996
6.75,1996
6.71,1996
6.7,1996
6.65,1996
6.62,1996
6.65,1996
6.58,1996
6.59,1996
6.68,1996
6.73,1996
6.67,1996
6.66,1996
6.62,1996
6.63,1996
6.66,1996
6.83,1996
6.88,1996
6.84,1996
6.91,1996
6.95,1996
6.81,1996
6.79,1996
6.78,1996
6.81,1996
6.84,1996
6.8,1996
6.75,1996
6.78,1996
6.81,1996
6.81,1996
6.79,1996
6.83,1996
6.89,1996
6.91,1996
7.05,1996
7.12,1996
7.07,1996
7.08,1996
7.0,1996
7.02,1996
6.93,1996
6.9,1996
6.85,1996
6.84,1996
6.9,1996
6.84,1996
6.82,1996
6.85,1996
6.81,1996
6.87,1996
6.84,1996
6.85,1996
6.94,1996
6.92,1996
7.0,1996
7.01,1996
7.0,1996
6.96,1996
6.91,1996
7.05,1996
7.1,1996
7.13,1996
7.18,1996
7.15,1996
7.1,1996
7.06,1996
7.09,1996
7.12,1996
7.12,1996
7.11,1996
7.09,1996
7.06,1996
7.05,1996
6.99,1996
6.9,1996
6.91,1996
6.94,1996
6.94,1996
7.19,1996
7.19,1996
7.15,1996
7.1,1996
7.07,1996
7.03,1996
7.07,1996
7.03,1996
7.02,1996
6.92,1996
6.97,1996
7.01,1996
6.97,1996
7.04,1996
7.04,1996
7.02,1996
7.09,1996
7.05,1996
6.98,1996
6.84,1996
6.74,1996
6.75,1996
6.76,1996
6.78,1996
6.76,1996
6.7,1996
6.7,1996
6.78,1996
6.78,1996
6.82,1996
6.77,1996
6.8,1996
6.8,1996
6.83,1996
6.84,1996
6.93,1996
7.0,1996
6.97,1996
6.99,1996
7.05,1996
7.13,1996
7.07,1996
7.1,1996
7.15,1996
7.12,1996
7.08,1996
7.13,1996
7.12,1996
7.08,1996
6.95,1996
6.95,1996
7.0,1996
7.02,1996
7.05,1996
7.04,1996
7.02,1996
6.99,1996
6.93,1996
6.88,1996
6.91,1996
6.93,1996
6.88,1996
6.84,1996
6.84,1996
6.74,1996
6.78,1996
6.79,1996
6.83,1996
6.89,1996
6.84,1996
6.85,1996
6.86,1996
6.81,1996
6.79,1996
6.81,1996
6.85,1996
6.84,1996
6.85,1996
6.82,1996
6.83,1996
6.7,1996
6.69,1996
6.66,1996
6.68,1996
6.67,1996
6.6,1996
6.61,1996
6.48,1996
6.51,1996
6.44,1996
6.46,1996
6.42,1996
6.46,1996
6.46,1996
6.44,1996
6.41,1996
6.42,1996
6.44,1996
6.42,1996
6.43,1996
6.44,1996
6.36,1996
6.36,1996
6.35,1996
6.4,1996
6.5,1996
6.53,1996
6.48,1996
6.49,1996
6.61,1996
6.64,1996
6.58,1996
6.63,1996
6.66,1996
6.69,1996
6.6,1996
6.59,1996
6.58,1996
6.59,1996
6.59,1996
6.54,1996
6.54,1996
6.65,1996
6.75,1997
6.74,1997
6.77,1997
6.8,1997
6.83,1997
6.76,1997
6.86,1997
6.85,1997
6.77,1997
6.79,1997
6.83,1997
6.83,1997
6.78,1997
6.83,1997
6.85,1997
6.89,1997
6.94,1997
6.91,1997
6.9,1997
6.88,1997
6.8,1997
6.74,1997
6.72,1997
6.75,1997
6.76,1997
6.72,1997
6.71,1997
6.71,1997
6.72,1997
6.58,1997
6.53,1997
6.55,1997
6.57,1997
6.64,1997
6.63,1997
6.66,1997
6.66,1997
6.8,1997
6.82,1997
6.8,1997
6.83,1997
6.86,1997
6.85,1997
6.89,1997
6.83,1997
6.83,1997
6.84,1997
6.87,1997
6.98,1997
6.95,1997
6.96,1997
6.96,1997
6.99,1997
6.97,1997
6.96,1997
6.94,1997
6.95,1997
7.0,1997
7.09,1997
7.1,1997
7.09,1997
7.08,1997
7.08,1997
7.14,1997
7.08,1997
7.11,1997
7.11,1997
7.11,1997
7.17,1997
7.17,1997
7.1,1997
7.11,1997
7.07,1997
7.06,1997
7.09,1997
7.05,1997
7.09,1997
7.13,1997
7.14,1997
7.12,1997
6.99,1997
6.95,1997
6.93,1997
6.9,1997
6.9,1997
6.89,1997
6.96,1997
6.92,1997
6.89,1997
6.88,1997
6.92,1997
6.9,1997
6.88,1997
6.91,1997
6.92,1997
6.92,1997
6.97,1997
7.0,1997
6.99,1997
7.03,1997
7.03,1997
6.99,1997
6.92,1997
6.9,1997
6.88,1997
6.88,1997
6.88,1997
6.78,1997
6.83,1997
6.84,1997
6.83,1997
6.77,1997
6.73,1997
6.7,1997
6.72,1997
6.69,1997
6.68,1997
6.65,1997
6.69,1997
6.7,1997
6.74,1997
6.78,1997
6.75,1997
6.8,1997
6.74,1997
6.72,1997
6.63,1997
6.58,1997
6.59,1997
6.56,1997
6.56,1997
6.53,1997
6.55,1997
6.55,1997
6.48,1997
6.49,1997
6.52,1997
6.55,1997
6.43,1997
6.42,1997
6.43,1997
6.45,1997
6.43,1997
6.38,1997
6.33,1997
6.3,1997
6.46,1997
6.48,1997
6.49,1997
6.48,1997
6.51,1997
6.64,1997
6.64,1997
6.66,1997
6.64,1997
6.56,1997
6.57,1997
6.53,1997
6.51,1997
6.54,1997
6.6,1997
6.67,1997
6.67,1997
6.66,1997
6.66,1997
6.57,1997
6.61,1997
6.58,1997
6.6,1997
6.61,1997
6.65,1997
6.62,1997
6.63,1997
6.66,1997
6.68,1997
6.59,1997
6.58,1997
6.41,1997
6.39,1997
6.4,1997
6.38,1997
6.35,1997
6.38,1997
6.32,1997
6.4,1997
6.37,1997
6.39,1997
6.41,1997
6.33,1997
6.31,1997
6.3,1997
6.27,1997
6.24,1997
6.37,1997
6.38,1997
6.44,1997
6.36,1997
6.39,1997
6.39,1997
6.44,1997
6.42,1997
6.42,1997
6.41,1997
6.33,1997
6.3,1997
6.24,1997
6.29,1997
6.23,1997
6.17,1997
6.15,1997
6.21,1997
6.25,1997
6.24,1997
6.15,1997
6.14,1997
6.15,1997
6.13,1997
6.11,1997
6.09,1997
6.07,1997
6.07,1997
6.03,1997
6.05,1997
6.04,1997
6.08,1997
6.06,1997
6.06,1997
6.04,1997
6.04,1997
6.03,1997
6.02,1997
6.04,1997
6.09,1997
6.14,1997
6.14,1997
6.1,1997
6.02,1997
5.94,1997
5.97,1997
5.96,1997
5.99,1997
5.94,1997
5.92,1997
5.89,1997
5.9,1997
5.91,1997
5.9,1997
5.93,1997
5.98,1997
5.93,1997
5.86,1998
5.74,1998
5.73,1998
5.8,1998
5.75,1998
5.71,1998
5.7,1998
5.71,1998
5.74,1998
5.74,1998
5.81,1998
5.83,1998
5.81,1998
5.85,1998
5.98,1998
5.9,1998
5.95,1998
5.94,1998
5.85,1998
5.82,1998
5.87,1998
5.86,1998
5.87,1998
5.92,1998
5.92,1998
5.94,1998
5.93,1998
5.86,1998
5.87,1998
5.85,1998
5.8,1998
5.84,1998
5.85,1998
5.87,1998
5.91,1998
5.97,1998
5.93,1998
5.95,1998
5.92,1998
6.03,1998
6.07,1998
6.05,1998
6.07,1998
6.02,1998
5.97,1998
5.97,1998
5.93,1998
5.87,1998
5.89,1998
5.86,1998
5.89,1998
5.91,1998
5.9,1998
5.89,1998
5.88,1998
5.88,1998
5.94,1998
5.96,1998
5.96,1998
5.98,1998
5.94,1998
5.9,1998
5.85,1998
5.78,1998
5.82,1998
5.84,1998
5.9,1998
5.88,1998
5.94,1998
5.91,1998
5.89,1998
5.87,1998
5.88,1998
5.92,1998
5.96,1998
5.96,1998
5.98,1998
5.95,1998
6.07,1998
6.07,1998
6.08,1998
5.95,1998
5.94,1998
5.94,1998
5.98,1998
5.94,1998
5.95,1998
5.98,1998
6.04,1998
5.96,1998
5.95,1998
5.98,1998
5.97,1998
5.92,1998
5.94,1998
5.89,1998
5.93,1998
5.9,1998
5.85,1998
5.83,1998
5.83,1998
5.81,1998
5.78,1998
5.8,1998
5.8,1998
5.82,1998
5.79,1998
5.79,1998
5.79,1998
5.7,1998
5.65,1998
5.66,1998
5.61,1998
5.65,1998
5.74,1998
5.7,1998
5.67,1998
5.66,1998
5.64,1998
5.66,1998
5.66,1998
5.64,1998
5.65,1998
5.62,1998
5.63,1998
5.6,1998
5.57,1998
5.6,1998
5.63,1998
5.6,1998
5.63,1998
5.68,1998
5.72,1998
5.7,1998
5.72,1998
5.75,1998
5.71,1998
5.67,1998
5.68,1998
5.66,1998
5.68,1998
5.7,1998
5.74,1998
5.77,1998
5.73,1998
5.72,1998
5.67,1998
5.65,1998
5.66,1998
5.67,1998
5.63,1998
5.63,1998
5.6,1998
5.62,1998
5.6,1998
5.55,1998
5.56,1998
5.56,1998
5.56,1998
5.52,1998
5.46,1998
5.48,1998
5.44,1998
5.44,1998
5.38,1998
5.37,1998
5.3,1998
5.34,1998
5.34,1998
5.31,1998
5.29,1998
5.34,1998
5.28,1998
5.18,1998
5.23,1998
5.23,1998
5.25,1998
5.23,1998
5.18,1998
5.15,1998
5.12,1998
5.16,1998
5.16,1998
5.15,1998
5.13,1998
5.15,1998
5.1,1998
4.98,1998
4.9,1998
4.85,1998
4.7,1998
4.75,1998
4.83,1998
4.99,1998
5.13,1998
5.1,1998
5.0,1998
5.02,1998
4.96,1998
4.98,1998
5.06,1998
5.08,1998
5.13,1998
5.16,1998
5.13,1998
5.08,1998
5.13,1998
5.09,1998
5.15,1998
5.23,1998
5.22,1998
5.34,1998
5.29,1998
5.37,1998
5.28,1998
5.27,1998
5.25,1998
5.26,1998
5.28,1998
5.3,1998
5.25,1998
5.25,1998
5.22,1998
5.25,1998
5.23,1998
5.19,1998
5.16,1998
5.08,1998
5.06,1998
5.03,1998
5.02,1998
5.05,1998
5.05,1998
5.0,1998
4.97,1998
4.95,1998
5.02,1998
4.99,1998
5.03,1998
5.01,1998
5.01,1998
5.01,1998
5.07,1998
5.13,1998
5.2,1998
5.23,1998
5.17,1998
5.12,1998
5.09,1998
5.09,1998
5.15,1999
5.21,1999
5.17,1999
5.23,1999
5.26,1999
5.29,1999
5.23,1999
5.16,1999
5.07,1999
5.1,1999
5.14,1999
5.18,1999
5.14,1999
5.09,1999
5.12,1999
5.12,1999
5.14,1999
5.11,1999
5.09,1999
5.19,1999
5.24,1999
5.25,1999
5.3,1999
5.34,1999
5.35,1999
5.33,1999
5.34,1999
5.29,1999
5.42,1999
5.35,1999
5.32,1999
5.37,1999
5.38,1999
5.36,1999
5.42,1999
5.51,1999
5.61,1999
5.57,1999
5.67,1999
5.63,1999
5.68,1999
5.69,1999
5.6,1999
5.6,1999
5.54,1999
5.56,1999
5.57,1999
5.54,1999
5.51,1999
5.48,1999
5.51,1999
5.49,1999
5.53,1999
5.57,1999
5.57,1999
5.54,1999
5.59,1999
5.61,1999
5.65,1999
5.59,1999
5.63,1999
5.67,1999
5.59,1999
5.59,1999
5.52,1999
5.51,1999
5.44,1999
5.46,1999
5.45,1999
5.5,1999
5.51,1999
5.53,1999
5.57,1999
5.55,1999
5.52,1999
5.52,1999
5.61,1999
5.6,1999
5.57,1999
5.55,1999
5.58,1999
5.53,1999
5.68,1999
5.67,1999
5.72,1999
5.71,1999
5.8,1999
5.82,1999
5.79,1999
5.85,1999
5.83,1999
5.75,1999
5.92,1999
5.91,1999
5.9,1999
5.81,1999
5.83,1999
5.78,1999
5.77,1999
5.76,1999
5.8,1999
5.85,1999
5.84,1999
5.94,1999
5.94,1999
5.96,1999
5.97,1999
5.97,1999
6.0,1999
6.02,1999
6.05,1999
6.13,1999
6.11,1999
6.11,1999
6.08,1999
5.95,1999
5.98,1999
6.03,1999
6.07,1999
6.13,1999
6.17,1999
6.16,1999
6.1,1999
6.07,1999
5.98,1999
6.02,1999
6.0,1999
6.05,1999
6.08,1999
6.01,1999
6.01,1999
5.92,1999
5.9,1999
5.92,1999
5.91,1999
5.9,1999
5.9,1999
5.89,1999
5.91,1999
5.97,1999
6.02,1999
6.04,1999
6.01,1999
6.01,1999
6.07,1999
6.11,1999
6.13,1999
6.15,1999
6.12,1999
6.05,1999
6.16,1999
6.23,1999
6.25,1999
6.22,1999
6.18,1999
6.09,1999
6.1,1999
6.02,1999
6.01,1999
6.03,1999
5.99,1999
5.98,1999
5.95,1999
5.87,1999
5.88,1999
5.96,1999
6.07,1999
6.07,1999
6.08,1999
6.15,1999
6.03,1999
6.07,1999
6.07,1999
6.1,1999
6.03,1999
6.06,1999
6.11,1999
6.11,1999
6.08,1999
6.05,1999
6.08,1999
6.1,1999
6.1,1999
6.05,1999
5.95,1999
6.02,1999
6.07,1999
6.13,1999
6.06,1999
6.15,1999
6.1,1999
6.17,1999
6.17,1999
6.19,1999
6.2,1999
6.23,1999
6.29,1999
6.32,1999
6.26,1999
6.3,1999
6.35,1999
6.34,1999
6.36,1999
6.36,1999
6.36,1999
6.38,1999
6.33,1999
6.25,1999
6.16,1999
6.19,1999
6.15,1999
6.14,1999
6.09,1999
6.05,1999
6.06,1999
6.07,1999
6.09,1999
6.03,1999
6.04,1999
6.06,1999
6.13,1999
6.17,1999
6.17,1999
6.2,1999
6.2,1999
6.22,1999
6.24,1999
6.31,1999
6.29,1999
6.3,1999
6.31,1999
6.27,1999
6.25,1999
6.21,1999
6.23,1999
6.22,1999
6.17,1999
6.2,1999
6.31,1999
6.34,1999
6.39,1999
6.38,1999
6.44,1999
6.46,1999
6.47,1999
6.48,1999
6.46,1999
6.48,1999
6.45,1999
6.43,1999
6.48,1999
6.61,2000
6.53,2000
6.64,2000
6.58,2000
6.55,2000
6.59,2000
6.68,2000
6.71,2000
6.65,2000
6.69,2000
6.75,2000
6.72,2000
6.74,2000
6.71,2000
6.65,2000
6.64,2000
6.6,2000
6.53,2000
6.45,2000
6.49,2000
6.43,2000
6.32,2000
6.17,2000
6.23,2000
6.34,2000
6.22,2000
6.32,2000
6.35,2000
6.29,2000
6.22,2000
6.26,2000
6.27,2000
6.23,2000
6.16,2000
6.08,2000
6.14,2000
6.13,2000
6.17,2000
6.16,2000
6.15,2000
6.16,2000
6.15,2000
6.13,2000
6.16,2000
6.16,2000
6.17,2000
6.16,2000
6.19,2000
6.17,2000
6.11,2000
6.07,2000
6.05,2000
6.01,2000
5.99,2000
5.97,2000
5.97,2000
5.92,2000
6.0,2000
5.99,2000
5.98,2000
5.99,2000
5.89,2000
5.84,2000
5.84,2000
5.77,2000
5.81,2000
5.8,2000
5.71,2000
5.69,2000
5.77,2000
5.84,2000
5.81,2000
5.79,2000
5.92,2000
5.92,2000
5.85,2000
5.83,2000
5.86,2000
5.95,2000
5.95,2000
6.0,2000
5.97,2000
5.98,2000
6.03,2000
6.11,2000
6.19,2000
6.2,2000
6.25,2000
6.22,2000
6.18,2000
6.16,2000
6.2,2000
6.17,2000
6.12,2000
6.18,2000
6.24,2000
6.22,2000
6.18,2000
6.17,2000
6.19,2000
6.11,2000
6.06,2000
6.09,2000
6.02,2000
5.95,2000
5.94,2000
5.91,2000
5.91,2000
5.89,2000
5.89,2000
5.89,2000
5.88,2000
5.94,2000
5.91,2000
5.93,2000
5.88,2000
5.89,2000
5.9,2000
5.96,2000
5.98,2000
6.04,2000
5.99,2000
5.95,2000
5.97,2000
5.88,2000
5.9,2000
5.87,2000
5.86,2000
5.91,2000
5.87,2000
5.88,2000
5.89,2000
5.89,2000
5.81,2000
5.88,2000
5.93,2000
5.92,2000
5.92,2000
5.81,2000
5.79,2000
5.81,2000
5.81,2000
5.82,2000
5.78,2000
5.78,2000
5.79,2000
5.74,2000
5.77,2000
5.74,2000
5.72,2000
5.76,2000
5.73,2000
5.73,2000
5.68,2000
5.72,2000
5.7,2000
5.72,2000
5.73,2000
5.72,2000
5.69,2000
5.71,2000
5.71,2000
5.68,2000
5.67,2000
5.67,2000
5.72,2000
5.75,2000
5.74,2000
5.67,2000
5.67,2000
5.67,2000
5.71,2000
5.72,2000
5.7,2000
5.73,2000
5.76,2000
5.73,2000
5.81,2000
5.9,2000
5.96,2000
5.92,2000
5.97,2000
5.93,2000
5.92,2000
5.9,2000
5.86,2000
5.9,2000
5.89,2000
5.88,2000
5.93,2000
5.94,2000
5.95,2000
5.91,2000
5.85,2000
5.83,2000
5.83,2000
5.82,2000
5.8,2000
5.81,2000
5.77,2000
5.77,2000
5.76,2000
5.73,2000
5.68,2000
5.71,2000
5.75,2000
5.74,2000
5.74,2000
5.76,2000
5.79,2000
5.78,2000
5.79,2000
5.86,2000
5.89,2000
5.9,2000
5.89,2000
5.85,2000
5.88,2000
5.85,2000
5.81,2000
5.77,2000
5.75,2000
5.78,2000
5.76,2000
5.74,2000
5.68,2000
5.67,2000
5.71,2000
5.67,2000
5.66,2000
5.6,2000
5.64,2000
5.66,2000
5.59,2000
5.52,2000
5.51,2000
5.55,2000
5.54,2000
5.53,2000
5.48,2000
5.45,2000
5.44,2000
5.44,2000
5.47,2000
5.42,2000
5.41,2000
5.4,2000
5.41,2000
5.45,2000
5.44,2000
5.46,2000
5.35,2001
5.49,2001
5.44,2001
5.41,2001
5.42,2001
5.43,2001
5.49,2001
5.55,2001
5.63,2001
5.6,2001
5.52,2001
5.47,2001
5.56,2001
5.61,2001
5.65,2001
5.67,2001
5.61,2001
5.64,2001
5.69,2001
5.59,2001
5.54,2001
5.46,2001
5.51,2001
5.48,2001
5.51,2001
5.52,2001
5.44,2001
5.38,2001
5.42,2001
5.43,2001
5.44,2001
5.5,2001
5.46,2001
5.46,2001
5.49,2001
5.52,2001
5.49,2001
5.45,2001
5.34,2001
5.34,2001
5.29,2001
5.38,2001
5.36,2001
5.38,2001
5.32,2001
5.3,2001
5.32,2001
5.31,2001
5.34,2001
5.28,2001
5.29,2001
5.28,2001
5.3,2001
5.27,2001
5.28,2001
5.25,2001
5.3,2001
5.36,2001
5.45,2001
5.47,2001
5.48,2001
5.46,2001
5.49,2001
5.48,2001
5.5,2001
5.53,2001
5.46,2001
5.5,2001
5.63,2001
5.6,2001
5.61,2001
5.7,2001
5.65,2001
5.65,2001
5.77,2001
5.79,2001
5.73,2001
5.75,2001
5.78,2001
5.71,2001
5.81,2001
5.78,2001
5.75,2001
5.71,2001
5.64,2001
5.65,2001
5.68,2001
5.72,2001
5.67,2001
5.75,2001
5.88,2001
5.85,2001
5.89,2001
5.86,2001
5.8,2001
5.76,2001
5.75,2001
5.78,2001
5.79,2001
5.87,2001
5.86,2001
5.86,2001
5.86,2001
5.78,2001
5.71,2001
5.69,2001
5.66,2001
5.65,2001
5.72,2001
5.73,2001
5.69,2001
5.65,2001
5.66,2001
5.65,2001
5.68,2001
5.7,2001
5.69,2001
5.67,2001
5.64,2001
5.58,2001
5.59,2001
5.65,2001
5.62,2001
5.68,2001
5.75,2001
5.7,2001
5.73,2001
5.76,2001
5.75,2001
5.7,2001
5.68,2001
5.69,2001
5.65,2001
5.64,2001
5.59,2001
5.59,2001
5.52,2001
5.53,2001
5.54,2001
5.53,2001
5.52,2001
5.58,2001
5.59,2001
5.55,2001
5.53,2001
5.51,2001
5.53,2001
5.57,2001
5.59,2001
5.59,2001
5.6,2001
5.52,2001
5.54,2001
5.52,2001
5.52,2001
5.51,2001
5.52,2001
5.48,2001
5.43,2001
5.46,2001
5.44,2001
5.44,2001
5.41,2001
5.45,2001
5.47,2001
5.41,2001
5.36,2001
5.37,2001
5.39,2001
5.5,2001
5.48,2001
5.41,2001
5.39,2001
5.43,2001
5.39,2001
5.35,2001
5.41,2001
5.55,2001
5.56,2001
5.62,2001
5.59,2001
5.58,2001
5.58,2001
5.5,2001
5.45,2001
5.42,2001
5.38,2001
5.34,2001
5.32,2001
5.31,2001
5.31,2001
5.39,2001
5.36,2001
5.41,2001
5.42,2001
5.38,2001
5.35,2001
5.32,2001
5.32,2001
5.36,2001
5.36,2001
5.38,2001
5.32,2001
5.28,2001
5.27,2001
5.25,2001
5.22,2001
4.89,2001
4.79,2001
4.96,2001
4.86,2001
4.86,2001
4.79,2001
4.87,2001
4.88,2001
4.92,2001
5.02,2001
5.22,2001
5.3,2001
5.22,2001
5.3,2001
5.35,2001
5.39,2001
5.39,2001
5.37,2001
5.36,2001
5.24,2001
5.27,2001
5.26,2001
5.22,2001
5.35,2001
5.47,2001
5.6,2001
5.58,2001
5.55,2001
5.47,2001
5.53,2001
5.59,2001
5.61,2001
5.52,2001
5.45,2001
5.43,2001
5.45,2001
5.49,2001
5.52,2001
5.49,2001
5.54,2001
5.48,2001
5.56,2002
5.54,2002
5.57,2002
5.49,2002
5.51,2002
5.51,2002
5.42,2002
5.37,2002
5.38,2002
5.34,2002
5.36,2002
5.41,2002
5.36,2002
5.39,2002
5.48,2002
5.47,2002
5.47,2002
5.47,2002
5.4,2002
5.41,2002
5.44,2002
5.4,2002
5.35,2002
5.35,2002
5.38,2002
5.42,2002
5.39,2002
5.41,2002
5.45,2002
5.47,2002
5.42,2002
5.37,2002
4.51,2006
4.55,2006
4.56,2006
4.6,2006
4.58,2006
4.57,2006
4.51,2006
4.53,2006
4.48,2006
4.51,2006
4.52,2006
4.55,2006
4.51,2006
4.56,2006
4.62,2006
4.66,2006
4.72,2006
4.72,2006
4.72,2006
4.72,2006
4.74,2006
4.77,2006
4.71,2006
4.75,2006
4.7,2006
4.72,2006
4.7,2006
4.74,2006
4.73,2006
4.75,2006
4.7,2006
4.73,2006
4.8,2006
4.84,2006
4.89,2006
4.9,2006
4.9,2006
4.91,2006
4.9,2006
4.96,2006
5.04,2006
5.04,2006
5.0,2006
5.05,2006
5.11,2006
5.08,2006
5.07,2006
5.13,2006
5.14,2006
5.1,2006
5.07,2006
5.16,2006
5.18,2006
5.18,2006
5.17,2006
5.23,2006
5.2,2006
5.24,2006
5.23,2006
5.2,2006
5.19,2006
5.2,2006
5.19,2006
5.23,2006
5.29,2006
5.26,2006
5.22,2006
5.28,2006
5.18,2006
5.14,2006
5.13,2006
5.16,2006
5.13,2006
5.17,2006
5.16,2006
5.19,2006
5.21,2006
5.2,2006
5.1,2006
5.1,2006
5.08,2006
5.09,2006
5.06,2006
5.03,2006
5.03,2006
5.01,2006
5.09,2006
5.13,2006
5.17,2006
5.18,2006
5.19,2006
5.19,2006
5.23,2006
5.26,2006
5.28,2006
5.24,2006
5.28,2006
5.26,2006
5.19,2006
5.2,2006
5.27,2006
5.23,2006
5.18,2006
5.17,2006
5.14,2006
5.14,2006
5.12,2006
5.11,2006
5.1,2006
5.16,2006
5.1,2006
5.08,2006
5.1,2006
5.11,2006
5.13,2006
5.1,2006
5.11,2006
5.07,2006
5.07,2006
5.07,2006
5.05,2006
5.04,2006
5.0,2006
5.0,2006
5.02,2006
5.05,2006
5.06,2006
5.09,2006
5.12,2006
5.05,2006
5.0,2006
5.0,2006
4.97,2006
4.96,2006
4.95,2006
4.95,2006
4.94,2006
4.93,2006
4.94,2006
4.93,2006
4.91,2006
4.88,2006
4.87,2006
4.93,2006
4.95,2006
4.94,2006
4.92,2006
4.95,2006
4.91,2006
4.9,2006
4.92,2006
4.92,2006
4.93,2006
4.86,2006
4.85,2006
4.78,2006
4.74,2006
4.7,2006
4.71,2006
4.73,2006
4.76,2006
4.77,2006
4.76,2006
4.76,2006
4.72,2006
4.76,2006
4.84,2006
4.88,2006
4.91,2006
4.91,2006
4.94,2006
4.92,2006
4.91,2006
4.89,2006
4.91,2006
4.91,2006
4.95,2006
4.95,2006
4.89,2006
4.84,2006
4.8,2006
4.78,2006
4.72,2006
4.68,2006
4.72,2006
4.81,2006
4.79,2006
4.76,2006
4.73,2006
4.73,2006
4.69,2006
4.71,2006
4.66,2006
4.69,2006
4.74,2006
4.69,2006
4.68,2006
4.66,2006
4.65,2006
4.63,2006
4.62,2006
4.59,2006
4.61,2006
4.56,2006
4.54,2006
4.55,2006
4.57,2006
4.6,2006
4.6,2006
4.66,2006
4.63,2006
4.6,2006
4.69,2006
4.72,2006
4.72,2006
4.72,2006
4.73,2006
4.73,2006
4.7,2006
4.76,2006
4.73,2006
4.78,2006
4.81,2006
4.81,2006
4.79,2007
4.77,2007
4.72,2007
4.74,2007
4.74,2007
4.74,2007
4.77,2007
4.82,2007
4.86,2007
4.85,2007
4.88,2007
4.85,2007
4.87,2007
4.84,2007
4.9,2007
4.91,2007
4.96,2007
4.98,2007
4.99,2007
4.98,2007
4.93,2007
4.93,2007
4.93,2007
4.91,2007
4.87,2007
4.86,2007
4.81,2007
4.87,2007
4.88,2007
4.9,2007
4.83,2007
4.81,2007
4.79,2007
4.78,2007
4.79,2007
4.83,2007
4.79,2007
4.73,2007
4.62,2007
4.68,2007
4.68,2007
4.65,2007
4.64,2007
4.66,2007
4.64,2007
4.65,2007
4.72,2007
4.69,2007
4.66,2007
4.69,2007
4.69,2007
4.7,2007
4.72,2007
4.71,2007
4.7,2007
4.78,2007
4.8,2007
4.79,2007
4.81,2007
4.83,2007
4.83,2007
4.84,2007
4.84,2007
4.85,2007
4.85,2007
4.87,2007
4.92,2007
4.92,2007
4.91,2007
4.92,2007
4.91,2007
4.93,2007
4.89,2007
4.85,2007
4.81,2007
4.84,2007
4.85,2007
4.83,2007
4.8,2007
4.83,2007
4.87,2007
4.89,2007
4.81,2007
4.81,2007
4.82,2007
4.84,2007
4.8,2007
4.79,2007
4.8,2007
4.83,2007
4.83,2007
4.85,2007
4.86,2007
4.88,2007
4.88,2007
4.91,2007
4.96,2007
4.94,2007
4.98,2007
5.01,2007
5.0,2007
5.01,2007
5.01,2007
5.01,2007
5.01,2007
5.06,2007
5.02,2007
5.07,2007
5.08,2007
5.2,2007
5.22,2007
5.24,2007
5.35,2007
5.28,2007
5.3,2007
5.26,2007
5.26,2007
5.2,2007
5.24,2007
5.28,2007
5.25,2007
5.2,2007
5.22,2007
5.2,2007
5.22,2007
5.12,2007
5.09,2007
5.14,2007
5.24,2007
5.28,2007
5.25,2007
5.14,2007
5.18,2007
5.22,2007
5.19,2007
5.14,2007
5.16,2007
5.1,2007
5.12,2007
5.07,2007
5.07,2007
5.05,2007
5.04,2007
4.95,2007
4.95,2007
4.97,2007
4.92,2007
4.9,2007
4.91,2007
4.87,2007
4.89,2007
4.92,2007
5.01,2007
5.02,2007
5.03,2007
5.01,2007
4.99,2007
5.0,2007
4.92,2007
5.0,2007
4.98,2007
4.95,2007
4.96,2007
4.93,2007
4.88,2007
4.87,2007
4.86,2007
4.88,2007
4.83,2007
4.83,2007
4.84,2007
4.78,2007
4.79,2007
4.7,2007
4.65,2007
4.65,2007
4.68,2007
4.75,2007
4.72,2007
4.72,2007
4.77,2007
4.83,2007
4.96,2007
4.89,2007
4.88,2007
4.89,2007
4.9,2007
4.84,2007
4.83,2007
4.79,2007
4.77,2007
4.79,2007
4.77,2007
4.87,2007
4.87,2007
4.86,2007
4.87,2007
4.91,2007
4.91,2007
4.9,2007
4.82,2007
4.78,2007
4.68,2007
4.68,2007
4.69,2007
4.64,2007
4.66,2007
4.68,2007
4.66,2007
4.68,2007
4.74,2007
4.64,2007
4.61,2007
4.63,2007
4.66,2007
4.67,2007
4.67,2007
4.61,2007
4.61,2007
4.61,2007
4.54,2007
4.52,2007
4.47,2007
4.49,2007
4.46,2007
4.43,2007
4.26,2007
4.36,2007
4.41,2007
4.35,2007
4.4,2007
4.34,2007
4.34,2007
4.39,2007
4.49,2007
4.58,2007
4.6,2007
4.47,2007
4.51,2007
4.61,2007
4.66,2007
4.62,2007
4.55,2007
4.47,2007
4.46,2007
4.58,2007
4.62,2007
4.68,2007
4.61,2007
4.51,2007
4.45,2007
4.35,2008
4.37,2008
4.36,2008
4.34,2008
4.35,2008
4.32,2008
4.44,2008
4.39,2008
4.37,2008
4.28,2008
4.32,2008
4.25,2008
4.28,2008
4.23,2008
4.23,2008
4.36,2008
4.28,2008
4.29,2008
4.34,2008
4.44,2008
4.35,2008
4.32,2008
4.37,2008
4.33,2008
4.37,2008
4.51,2008
4.43,2008
4.41,2008
4.46,2008
4.52,2008
4.67,2008
4.58,2008
4.66,2008
4.65,2008
4.54,2008
4.58,2008
4.67,2008
4.66,2008
4.65,2008
4.55,2008
4.41,2008
4.42,2008
4.52,2008
4.6,2008
4.57,2008
4.55,2008
4.45,2008
4.53,2008
4.4,2008
4.47,2008
4.35,2008
4.29,2008
4.35,2008
4.22,2008
4.17,2008
4.33,2008
4.3,2008
4.33,2008
4.38,2008
4.33,2008
4.3,2008
4.4,2008
4.38,2008
4.4,2008
4.32,2008
4.36,2008
4.37,2008
4.31,2008
4.34,2008
4.3,2008
4.35,2008
4.42,2008
4.54,2008
4.54,2008
4.51,2008
4.48,2008
4.46,2008
4.49,2008
4.56,2008
4.61,2008
4.57,2008
4.55,2008
4.49,2008
4.49,2008
4.57,2008
4.58,2008
4.64,2008
4.61,2008
4.5,2008
4.53,2008
4.53,2008
4.62,2008
4.63,2008
4.56,2008
4.58,2008
4.56,2008
4.53,2008
4.55,2008
4.63,2008
4.57,2008
4.65,2008
4.71,2008
4.76,2008
4.72,2008
4.68,2008
4.63,2008
4.71,2008
4.75,2008
4.65,2008
4.64,2008
4.7,2008
4.72,2008
4.77,2008
4.79,2008
4.77,2008
4.78,2008
4.72,2008
4.76,2008
4.71,2008
4.71,2008
4.65,2008
4.65,2008
4.62,2008
4.53,2008
4.53,2008
4.55,2008
4.51,2008
4.53,2008
4.51,2008
4.46,2008
4.42,2008
4.42,2008
4.52,2008
4.47,2008
4.48,2008
4.59,2008
4.65,2008
4.66,2008
4.64,2008
4.67,2008
4.69,2008
4.6,2008
4.69,2008
4.63,2008
4.64,2008
4.64,2008
4.59,2008
4.57,2008
4.58,2008
4.63,2008
4.68,2008
4.56,2008
4.55,2008
4.61,2008
4.55,2008
4.57,2008
4.52,2008
4.47,2008
4.44,2008
4.47,2008
4.43,2008
4.46,2008
4.46,2008
4.4,2008
4.4,2008
4.38,2008
4.38,2008
4.43,2008
4.36,2008
4.32,2008
4.27,2008
4.27,2008
4.26,2008
4.2,2008
4.23,2008
4.2,2008
4.32,2008
4.12,2008
4.08,2008
4.08,2008
4.14,2008
4.36,2008
4.41,2008
4.43,2008
4.4,2008
4.4,2008
4.36,2008
4.13,2008
4.31,2008
4.22,2008
4.16,2008
4.11,2008
3.99,2008
4.01,2008
4.09,2008
4.14,2008
4.15,2008
4.27,2008
4.25,2008
4.25,2008
4.32,2008
4.26,2008
4.2,2008
4.07,2008
3.99,2008
4.11,2008
4.12,2008
4.19,2008
4.26,2008
4.3,2008
4.35,2008
4.33,2008
4.2,2008
4.13,2008
4.19,2008
4.25,2008
4.21,2008
4.17,2008
4.34,2008
4.22,2008
4.2,2008
4.14,2008
3.96,2008
3.64,2008
3.7,2008
3.78,2008
3.63,2008
3.54,2008
3.45,2008
3.22,2008
3.18,2008
3.17,2008
3.06,2008
3.11,2008
3.16,2008
3.06,2008
3.09,2008
3.07,2008
3.07,2008
2.98,2008
2.86,2008
2.66,2008
2.53,2008
2.55,2008
2.6,2008
2.63,2008
2.63,2008
2.61,2008
2.63,2008
2.58,2008
2.69,2008
2.83,2009
3.0,2009
3.04,2009
3.05,2009
3.04,2009
3.04,2009
2.99,2009
3.0,2009
2.89,2009
2.86,2009
2.89,2009
2.97,2009
3.15,2009
3.25,2009
3.32,2009
3.39,2009
3.26,2009
3.44,2009
3.57,2009
3.58,2009
3.47,2009
3.64,2009
3.65,2009
3.63,2009
3.7,2009
3.69,2009
3.54,2009
3.45,2009
3.47,2009
3.68,2009
3.47,2009
3.54,2009
3.68,2009
3.56,2009
3.53,2009
3.49,2009
3.59,2009
3.66,2009
3.71,2009
3.64,2009
3.67,2009
3.69,2009
3.51,2009
3.5,2009
3.59,2009
3.7,2009
3.67,2009
3.63,2009
3.66,2009
3.76,2009
3.83,2009
3.57,2009
3.62,2009
3.65,2009
3.69,2009
3.6,2009
3.73,2009
3.66,2009
3.62,2009
3.6,2009
3.56,2009
3.51,2009
3.57,2009
3.7,2009
3.73,2009
3.72,2009
3.66,2009
3.76,2009
3.69,2009
3.64,2009
3.66,2009
3.72,2009
3.79,2009
3.69,2009
3.74,2009
3.82,2009
3.8,2009
3.89,2009
3.84,2009
3.97,2009
4.01,2009
4.05,2009
4.09,2009
4.06,2009
4.06,2009
4.09,2009
4.25,2009
4.28,2009
4.18,2009
4.16,2009
4.09,2009
4.06,2009
4.09,2009
4.18,2009
4.21,2009
4.14,2009
4.3,2009
4.38,2009
4.45,2009
4.59,2009
4.54,2009
4.34,2009
4.55,2009
4.5,2009
4.45,2009
4.58,2009
4.63,2009
4.65,2009
4.64,2009
4.76,2009
4.69,2009
4.65,2009
4.61,2009
4.48,2009
4.5,2009
4.63,2009
4.52,2009
4.45,2009
4.37,2009
4.44,2009
4.33,2009
4.3,2009
4.31,2009
4.32,2009
4.34,2009
4.32,2009
4.35,2009
4.31,2009
4.17,2009
4.31,2009
4.2,2009
4.25,2009
4.38,2009
4.48,2009
4.45,2009
4.53,2009
4.47,2009
4.38,2009
4.45,2009
4.58,2009
4.55,2009
4.62,2009
4.56,2009
4.5,2009
4.44,2009
4.31,2009
4.42,2009
4.45,2009
4.57,2009
4.53,2009
4.61,2009
4.52,2009
4.44,2009
4.53,2009
4.44,2009
4.41,2009
4.33,2009
4.35,2009
4.28,2009
4.24,2009
4.36,2009
4.27,2009
4.22,2009
4.2,2009
4.23,2009
4.21,2009
4.18,2009
4.19,2009
4.09,2009
4.15,2009
4.27,2009
4.31,2009
4.33,2009
4.19,2009
4.18,2009
4.22,2009
4.27,2009
4.26,2009
4.19,2009
4.24,2009
4.23,2009
4.2,2009
4.21,2009
4.17,2009
4.1,2009
4.04,2009
4.03,2009
4.03,2009
3.97,2009
4.01,2009
4.01,2009
4.07,2009
3.99,2009
4.09,2009
4.22,2009
4.16,2009
4.28,2009
4.31,2009
4.24,2009
4.21,2009
4.16,2009
4.22,2009
4.24,2009
4.29,2009
4.37,2009
4.29,2009
4.25,2009
4.35,2009
4.23,2009
4.26,2009
4.34,2009
4.41,2009
4.41,2009
4.4,2009
4.4,2009
4.41,2009
4.41,2009
4.36,2009
4.26,2009
4.26,2009
4.29,2009
4.29,2009
4.3,2009
4.29,2009
4.25,2009
4.23,2009
4.21,2009
4.2,2009
4.26,2009
4.26,2009
4.33,2009
4.4,2009
4.4,2009
4.39,2009
4.41,2009
4.5,2009
4.49,2009
4.48,2009
4.52,2009
4.52,2009
4.42,2009
4.46,2009
4.56,2009
4.6,2009
4.61,2009
4.68,2009
4.69,2009
4.64,2009
4.61,2009
4.63,2009
4.65,2010
4.59,2010
4.7,2010
4.69,2010
4.7,2010
4.74,2010
4.62,2010
4.71,2010
4.63,2010
4.58,2010
4.6,2010
4.54,2010
4.5,2010
4.5,2010
4.55,2010
4.56,2010
4.55,2010
4.57,2010
4.51,2010
4.56,2010
4.55,2010
4.62,2010
4.53,2010
4.51,2010
4.52,2010
4.58,2010
4.65,2010
4.69,2010
4.66,2010
4.63,2010
4.7,2010
4.74,2010
4.71,2010
4.73,2010
4.63,2010
4.63,2010
4.58,2010
4.55,2010
4.56,2010
4.57,2010
4.58,2010
4.56,2010
4.64,2010
4.68,2010
4.68,2010
4.69,2010
4.66,2010
4.62,2010
4.63,2010
4.59,2010
4.56,2010
4.59,2010
4.58,2010
4.57,2010
4.6,2010
4.72,2010
4.77,2010
4.75,2010
4.76,2010
4.75,2010
4.72,2010
4.74,2010
4.81,2010
4.85,2010
4.84,2010
4.74,2010
4.75,2010
4.74,2010
4.7,2010
4.68,2010
4.72,2010
4.72,2010
4.67,2010
4.7,2010
4.67,2010
4.61,2010
4.65,2010
4.67,2010
4.67,2010
4.56,2010
4.63,2010
4.6,2010
4.53,2010
4.53,2010
4.43,2010
4.39,2010
4.19,2010
4.28,2010
4.41,2010
4.42,2010
4.47,2010
4.47,2010
4.32,2010
4.35,2010
4.26,2010
4.24,2010
4.13,2010
4.07,2010
4.12,2010
4.07,2010
4.11,2010
4.24,2010
4.22,2010
4.19,2010
4.24,2010
4.29,2010
4.13,2010
4.11,2010
4.1,2010
4.12,2010
4.25,2010
4.15,2010
4.2,2010
4.23,2010
4.18,2010
4.13,2010
4.15,2010
4.17,2010
4.1,2010
4.05,2010
4.09,2010
4.07,2010
4.01,2010
3.94,2010
3.91,2010
3.88,2010
3.94,2010
3.89,2010
3.96,2010
4.0,2010
4.04,2010
4.05,2010
4.1,2010
4.03,2010
3.97,2010
3.95,2010
3.99,2010
3.99,2010
3.89,2010
3.95,2010
4.01,2010
4.03,2010
4.08,2010
4.07,2010
4.08,2010
3.98,2010
4.06,2010
4.04,2010
4.07,2010
4.05,2010
4.0,2010
4.01,2010
4.0,2010
3.93,2010
3.94,2010
3.87,2010
3.72,2010
3.77,2010
3.73,2010
3.66,2010
3.67,2010
3.65,2010
3.57,2010
3.59,2010
3.53,2010
3.69,2010
3.6,2010
3.52,2010
3.65,2010
3.72,2010
3.79,2010
3.67,2010
3.72,2010
3.84,2010
3.88,2010
3.83,2010
3.79,2010
3.87,2010
3.92,2010
3.9,2010
3.87,2010
3.79,2010
3.74,2010
3.73,2010
3.79,2010
3.7,2010
3.66,2010
3.69,2010
3.69,2010
3.71,2010
3.71,2010
3.74,2010
3.67,2010
3.72,2010
3.75,2010
3.8,2010
3.84,2010
3.91,2010
3.98,2010
3.93,2010
3.9,2010
3.89,2010
3.95,2010
3.94,2010
3.91,2010
4.0,2010
4.06,2010
4.05,2010
3.99,2010
4.01,2010
3.93,2010
4.09,2010
4.04,2010
4.12,2010
4.12,2010
4.25,2010
4.25,2010
4.26,2010
4.38,2010
4.26,2010
4.31,2010
4.29,2010
4.25,2010
4.2,2010
4.18,2010
4.29,2010
4.21,2010
4.16,2010
4.12,2010
4.24,2010
4.27,2010
4.32,2010
4.25,2010
4.39,2010
4.45,2010
4.41,2010
4.43,2010
4.39,2010
4.54,2010
4.59,2010
4.57,2010
4.41,2010
4.44,2010
4.44,2010
4.45,2010
4.47,2010
4.42,2010
4.53,2010
4.41,2010
4.43,2010
4.34,2010
4.39,2011
4.44,2011
4.55,2011
4.53,2011
4.48,2011
4.47,2011
4.49,2011
4.52,2011
4.5,2011
4.53,2011
4.56,2011
4.53,2011
4.6,2011
4.57,2011
4.55,2011
4.48,2011
4.59,2011
4.57,2011
4.53,2011
4.58,2011
4.62,2011
4.64,2011
4.67,2011
4.73,2011
4.71,2011
4.76,2011
4.71,2011
4.75,2011
4.71,2011
4.67,2011
4.66,2011
4.67,2011
4.66,2011
4.7,2011
4.6,2011
4.59,2011
4.54,2011
4.51,2011
4.49,2011
4.48,2011
4.54,2011
4.64,2011
4.6,2011
4.61,2011
4.66,2011
4.6,2011
4.53,2011
4.54,2011
4.52,2011
4.47,2011
4.38,2011
4.42,2011
4.43,2011
4.45,2011
4.44,2011
4.44,2011
4.48,2011
4.51,2011
4.51,2011
4.54,2011
4.52,2011
4.51,2011
4.48,2011
4.49,2011
4.51,2011
4.58,2011
4.63,2011
4.63,2011
4.64,2011
4.58,2011
4.55,2011
4.53,2011
4.47,2011
4.45,2011
4.43,2011
4.47,2011
4.47,2011
4.46,2011
4.39,2011
4.45,2011
4.42,2011
4.4,2011
4.38,2011
4.36,2011
4.33,2011
4.26,2011
4.29,2011
4.3,2011
4.34,2011
4.31,2011
4.37,2011
4.32,2011
4.28,2011
4.23,2011
4.29,2011
4.3,2011
4.3,2011
4.27,2011
4.26,2011
4.28,2011
4.23,2011
4.24,2011
4.22,2011
4.15,2011
4.25,2011
4.22,2011
4.25,2011
4.27,2011
4.2,2011
4.22,2011
4.18,2011
4.2,2011
4.3,2011
4.19,2011
4.16,2011
4.19,2011
4.19,2011
4.21,2011
4.22,2011
4.17,2011
4.17,2011
4.28,2011
4.33,2011
4.39,2011
4.38,2011
4.4,2011
4.39,2011
4.35,2011
4.37,2011
4.27,2011
4.2,2011
4.19,2011
4.17,2011
4.25,2011
4.26,2011
4.29,2011
4.19,2011
4.25,2011
4.31,2011
4.26,2011
4.31,2011
4.28,2011
4.29,2011
4.26,2011
4.12,2011
4.07,2011
3.93,2011
3.89,2011
3.7,2011
3.82,2011
3.68,2011
3.56,2011
3.54,2011
3.82,2011
3.72,2011
3.75,2011
3.67,2011
3.57,2011
3.45,2011
3.39,2011
3.42,2011
3.47,2011
3.63,2011
3.6,2011
3.54,2011
3.63,2011
3.53,2011
3.6,2011
3.51,2011
3.32,2011
3.26,2011
3.36,2011
3.32,2011
3.26,2011
3.24,2011
3.32,2011
3.32,2011
3.36,2011
3.34,2011
3.22,2011
3.2,2011
3.03,2011
2.78,2011
2.89,2011
2.99,2011
3.08,2011
3.1,2011
3.03,2011
2.9,2011
2.76,2011
2.77,2011
2.87,2011
2.96,2011
3.02,2011
3.11,2011
3.19,2011
3.15,2011
3.22,2011
3.13,2011
3.17,2011
3.17,2011
3.19,2011
3.26,2011
3.27,2011
3.13,2011
3.22,2011
3.45,2011
3.36,2011
3.16,2011
2.99,2011
3.03,2011
3.1,2011
3.09,2011
3.05,2011
3.13,2011
3.03,2011
3.12,2011
3.09,2011
3.1,2011
3.05,2011
2.98,2011
2.99,2011
2.96,2011
2.91,2011
2.82,2011
2.92,2011
2.93,2011
2.96,2011
3.06,2011
3.12,2011
3.03,2011
3.02,2011
3.09,2011
3.04,2011
3.0,2011
3.1,2011
3.06,2011
2.98,2011
2.91,2011
2.92,2011
2.86,2011
2.79,2011
2.93,2011
3.0,2011
2.99,2011
3.05,2011
3.04,2011
2.91,2011
2.9,2011
2.89,2011
2.98,2012
3.03,2012
3.06,2012
3.02,2012
3.02,2012
3.04,2012
2.96,2012
2.97,2012
2.91,2012
2.89,2012
2.96,2012
3.05,2012
3.1,2012
3.15,2012
3.15,2012
3.13,2012
3.1,2012
3.07,2012
2.99,2012
2.94,2012
3.01,2012
3.01,2012
3.13,2012
3.08,2012
3.14,2012
3.14,2012
3.2,2012
3.11,2012
3.14,2012
3.06,2012
3.09,2012
3.14,2012
3.16,2012
3.2,2012
3.15,2012
3.13,2012
3.1,2012
3.04,2012
3.07,2012
3.08,2012
3.15,2012
3.11,2012
3.13,2012
3.08,2012
3.12,2012
3.18,2012
3.19,2012
3.17,2012
3.26,2012
3.43,2012
3.41,2012
3.41,2012
3.48,2012
3.46,2012
3.38,2012
3.37,2012
3.31,2012
3.33,2012
3.29,2012
3.31,2012
3.27,2012
3.35,2012
3.35,2012
3.41,2012
3.37,2012
3.32,2012
3.21,2012
3.18,2012
3.13,2012
3.18,2012
3.22,2012
3.14,2012
3.12,2012
3.15,2012
3.13,2012
3.12,2012
3.12,2012
3.08,2012
3.12,2012
3.15,2012
3.13,2012
3.12,2012
3.12,2012
3.16,2012
3.11,2012
3.12,2012
3.07,2012
3.07,2012
3.03,2012
3.03,2012
3.07,2012
3.02,2012
2.95,2012
2.91,2012
2.9,2012
2.8,2012
2.8,2012
2.8,2012
2.88,2012
2.81,2012
2.86,2012
2.85,2012
2.85,2012
2.72,2012
2.67,2012
2.53,2012
2.56,2012
2.63,2012
2.73,2012
2.75,2012
2.77,2012
2.71,2012
2.77,2012
2.7,2012
2.73,2012
2.7,2012
2.67,2012
2.73,2012
2.72,2012
2.68,2012
2.75,2012
2.69,2012
2.71,2012
2.7,2012
2.67,2012
2.76,2012
2.69,2012
2.74,2012
2.72,2012
2.66,2012
2.62,2012
2.6,2012
2.6,2012
2.57,2012
2.58,2012
2.56,2012
2.59,2012
2.59,2012
2.61,2012
2.55,2012
2.52,2012
2.47,2012
2.46,2012
2.49,2012
2.63,2012
2.58,2012
2.56,2012
2.6,2012
2.55,2012
2.65,2012
2.65,2012
2.72,2012
2.75,2012
2.78,2012
2.74,2012
2.74,2012
2.82,2012
2.9,2012
2.96,2012
2.93,2012
2.93,2012
2.9,2012
2.82,2012
2.79,2012
2.79,2012
2.76,2012
2.75,2012
2.77,2012
2.75,2012
2.68,2012
2.69,2012
2.7,2012
2.8,2012
2.81,2012
2.83,2012
2.84,2012
2.92,2012
2.95,2012
3.09,2012
3.03,2012
3.0,2012
2.97,2012
2.96,2012
2.95,2012
2.91,2012
2.86,2012
2.79,2012
2.83,2012
2.82,2012
2.81,2012
2.81,2012
2.82,2012
2.89,2012
2.96,2012
2.93,2012
2.89,2012
2.86,2012
2.83,2012
2.85,2012
2.91,2012
2.98,2012
3.02,2012
2.94,2012
2.95,2012
2.91,2012
2.93,2012
2.98,2012
2.92,2012
2.87,2012
2.85,2012
2.89,2012
2.91,2012
2.88,2012
2.92,2012
2.83,2012
2.77,2012
2.75,2012
2.72,2012
2.73,2012
2.72,2012
2.73,2012
2.76,2012
2.82,2012
2.83,2012
2.83,2012
2.8,2012
2.79,2012
2.79,2012
2.79,2012
2.81,2012
2.8,2012
2.78,2012
2.78,2012
2.76,2012
2.81,2012
2.8,2012
2.83,2012
2.9,2012
2.9,2012
2.87,2012
2.94,2012
3.0,2012
2.99,2012
2.98,2012
2.93,2012
2.94,2012
2.94,2012
2.89,2012
2.88,2012
2.95,2012
3.04,2013
3.12,2013
3.1,2013
3.1,2013
3.06,2013
3.06,2013
3.08,2013
3.05,2013
3.05,2013
3.02,2013
3.01,2013
3.06,2013
3.03,2013
3.02,2013
3.02,2013
3.04,2013
3.14,2013
3.15,2013
3.18,2013
3.19,2013
3.17,2013
3.21,2013
3.17,2013
3.21,2013
3.18,2013
3.17,2013
3.17,2013
3.16,2013
3.19,2013
3.23,2013
3.17,2013
3.18,2013
3.21,2013
3.2,2013
3.17,2013
3.15,2013
3.08,2013
3.08,2013
3.11,2013
3.1,2013
3.06,2013
3.08,2013
3.1,2013
3.15,2013
3.2,2013
3.25,2013
3.26,2013
3.22,2013
3.22,2013
3.25,2013
3.22,2013
3.18,2013
3.13,2013
3.19,2013
3.15,2013
3.13,2013
3.14,2013
3.13,2013
3.09,2013
3.1,2013
3.08,2013
3.1,2013
3.05,2013
2.99,2013
2.87,2013
2.91,2013
2.94,2013
3.01,2013
3.01,2013
2.92,2013
2.88,2013
2.91,2013
2.89,2013
2.87,2013
2.88,2013
2.88,2013
2.9,2013
2.89,2013
2.91,2013
2.87,2013
2.88,2013
2.88,2013
2.83,2013
2.82,2013
2.96,2013
2.98,2013
3.0,2013
2.99,2013
3.01,2013
3.1,2013
3.13,2013
3.17,2013
3.16,2013
3.09,2013
3.17,2013
3.18,2013
3.14,2013
3.21,2013
3.2,2013
3.18,2013
3.31,2013
3.27,2013
3.28,2013
3.3,2013
3.27,2013
3.3,2013
3.25,2013
3.23,2013
3.33,2013
3.36,2013
3.33,2013
3.37,2013
3.33,2013
3.28,2013
3.35,2013
3.34,2013
3.41,2013
3.49,2013
3.56,2013
3.56,2013
3.6,2013
3.58,2013
3.54,2013
3.52,2013
3.48,2013
3.47,2013
3.49,2013
3.68,2013
3.63,2013
3.64,2013
3.68,2013
3.64,2013
3.64,2013
3.61,2013
3.58,2013
3.57,2013
3.63,2013
3.56,2013
3.55,2013
3.58,2013
3.65,2013
3.65,2013
3.61,2013
3.66,2013
3.67,2013
3.64,2013
3.77,2013
3.69,2013
3.73,2013
3.73,2013
3.68,2013
3.65,2013
3.63,2013
3.67,2013
3.75,2013
3.75,2013
3.81,2013
3.86,2013
3.89,2013
3.86,2013
3.9,2013
3.88,2013
3.8,2013
3.77,2013
3.7,2013
3.75,2013
3.7,2013
3.7,2013
3.79,2013
3.8,2013
3.88,2013
3.87,2013
3.84,2013
3.88,2013
3.85,2013
3.85,2013
3.84,2013
3.87,2013
3.84,2013
3.75,2013
3.8,2013
3.77,2013
3.73,2013
3.67,2013
3.65,2013
3.69,2013
3.68,2013
3.69,2013
3.72,2013
3.7,2013
3.71,2013
3.73,2013
3.7,2013
3.7,2013
3.73,2013
3.75,2013
3.74,2013
3.78,2013
3.72,2013
3.66,2013
3.65,2013
3.68,2013
3.61,2013
3.59,2013
3.61,2013
3.6,2013
3.61,2013
3.62,2013
3.63,2013
3.63,2013
3.69,2013
3.7,2013
3.76,2013
3.77,2013
3.71,2013
3.84,2013
3.86,2013
3.83,2013
3.79,2013
3.8,2013
3.76,2013
3.8,2013
3.9,2013
3.89,2013
3.84,2013
3.83,2013
3.8,2013
3.81,2013
3.82,2013
3.86,2013
3.84,2013
3.9,2013
3.92,2013
3.9,2013
3.88,2013
3.83,2013
3.87,2013
3.91,2013
3.88,2013
3.9,2013
3.88,2013
3.9,2013
3.91,2013
3.82,2013
3.85,2013
3.9,2013
3.92,2013
3.94,2013
3.9,2013
3.96,2013
3.92,2014
3.93,2014
3.9,2014
3.88,2014
3.9,2014
3.88,2014
3.8,2014
3.77,2014
3.8,2014
3.81,2014
3.77,2014
3.75,2014
3.74,2014
3.75,2014
3.68,2014
3.64,2014
3.67,2014
3.68,2014
3.62,2014
3.65,2014
3.61,2014
3.55,2014
3.59,2014
3.66,2014
3.67,2014
3.67,2014
3.66,2014
3.69,2014
3.72,2014
3.7,2014
3.69,2014
3.68,2014
3.71,2014
3.73,2014
3.69,2014
3.7,2014
3.66,2014
3.63,2014
3.6,2014
3.59,2014
3.55,2014
3.64,2014
3.64,2014
3.68,2014
3.72,2014
3.73,2014
3.7,2014
3.66,2014
3.6,2014
3.59,2014
3.63,2014
3.62,2014
3.66,2014
3.67,2014
3.61,2014
3.57,2014
3.59,2014
3.55,2014
3.52,2014
3.55,2014
3.56,2014
3.6,2014
3.65,2014
3.62,2014
3.59,2014
3.56,2014
3.54,2014
3.57,2014
3.52,2014
3.48,2014
3.48,2014
3.46,2014
3.45,2014
3.52,2014
3.52,2014
3.5,2014
3.47,2014
3.46,2014
3.45,2014
3.47,2014
3.49,2014
3.47,2014
3.41,2014
3.37,2014
3.41,2014
3.38,2014
3.4,2014
3.45,2014
3.47,2014
3.49,2014
3.45,2014
3.37,2014
3.33,2014
3.34,2014
3.39,2014
3.38,2014
3.42,2014
3.43,2014
3.4,2014
3.37,2014
3.29,2014
3.31,2014
3.33,2014
3.38,2014
3.43,2014
3.45,2014
3.44,2014
3.44,2014
3.45,2014
3.47,2014
3.47,2014
3.41,2014
3.41,2014
3.4,2014
3.44,2014
3.43,2014
3.47,2014
3.44,2014
3.45,2014
3.41,2014
3.38,2014
3.35,2014
3.36,2014
3.34,2014
3.4,2014
3.46,2014
3.47,2014
3.44,2014
3.38,2014
3.37,2014
3.38,2014
3.34,2014
3.36,2014
3.37,2014
3.35,2014
3.27,2014
3.29,2014
3.26,2014
3.25,2014
3.26,2014
3.3,2014
3.24,2014
3.26,2014
3.22,2014
3.31,2014
3.32,2014
3.29,2014
3.3,2014
3.28,2014
3.27,2014
3.23,2014
3.23,2014
3.24,2014
3.27,2014
3.24,2014
3.2,2014
3.13,2014
3.2,2014
3.21,2014
3.22,2014
3.19,2014
3.16,2014
3.13,2014
3.15,2014
3.11,2014
3.08,2014
3.09,2014
3.17,2014
3.15,2014
3.21,2014
3.23,2014
3.23,2014
3.23,2014
3.26,2014
3.27,2014
3.35,2014
3.34,2014
3.36,2014
3.37,2014
3.36,2014
3.29,2014
3.28,2014
3.25,2014
3.28,2014
3.22,2014
3.22,2014
3.18,2014
3.21,2014
3.12,2014
3.15,2014
3.13,2014
3.12,2014
3.06,2014
3.07,2014
3.07,2014
3.03,2014
2.95,2014
2.92,2014
2.94,2014
2.98,2014
2.96,2014
3.0,2014
3.01,2014
3.05,2014
3.05,2014
3.04,2014
3.06,2014
3.06,2014
3.04,2014
3.07,2014
3.07,2014
3.05,2014
3.06,2014
3.09,2014
3.04,2014
3.09,2014
3.09,2014
3.08,2014
3.04,2014
3.06,2014
3.05,2014
3.08,2014
3.05,2014
3.02,2014
3.01,2014
2.97,2014
2.95,2014
2.89,2014
2.95,2014
3.0,2014
2.99,2014
2.94,2014
2.97,2014
2.9,2014
2.87,2014
2.83,2014
2.84,2014
2.75,2014
2.74,2014
2.69,2014
2.74,2014
2.82,2014
2.77,2014
2.75,2014
2.85,2014
2.83,2014
2.81,2014
2.78,2014
2.76,2014
2.75,2014
2.69,2015
2.6,2015
2.52,2015
2.52,2015
2.59,2015
2.55,2015
2.49,2015
2.49,2015
2.47,2015
2.4,2015
2.44,2015
2.39,2015
2.44,2015
2.46,2015
2.38,2015
2.4,2015
2.4,2015
2.29,2015
2.33,2015
2.25,2015
2.25,2015
2.37,2015
2.39,2015
2.42,2015
2.51,2015
2.52,2015
2.58,2015
2.57,2015
2.58,2015
2.63,2015
2.73,2015
2.7,2015
2.73,2015
2.73,2015
2.66,2015
2.6,2015
2.56,2015
2.63,2015
2.6,2015
2.68,2015
2.71,2015
2.72,2015
2.71,2015
2.83,2015
2.8,2015
2.73,2015
2.69,2015
2.69,2015
2.7,2015
2.67,2015
2.61,2015
2.51,2015
2.54,2015
2.5,2015
2.51,2015
2.46,2015
2.5,2015
2.6,2015
2.53,2015
2.55,2015
2.54,2015
2.47,2015
2.53,2015
2.49,2015
2.57,2015
2.52,2015
2.53,2015
2.61,2015
2.58,2015
2.58,2015
2.54,2015
2.55,2015
2.56,2015
2.51,2015
2.56,2015
2.58,2015
2.66,2015
2.63,2015
2.62,2015
2.61,2015
2.68,2015
2.76,2015
2.75,2015
2.82,2015
2.88,2015
2.9,2015
2.98,2015
2.9,2015
2.9,2015
3.03,2015
3.02,2015
3.07,2015
3.03,2015
2.93,2015
3.02,2015
3.05,2015
3.06,2015
2.98,2015
2.99,2015
2.89,2015
2.88,2015
2.89,2015
2.88,2015
2.94,2015
3.02,2015
3.11,2015
3.03,2015
3.11,2015
3.11,2015
3.15,2015
3.22,2015
3.11,2015
3.1,2015
3.09,2015
3.06,2015
3.09,2015
3.14,2015
3.05,2015
3.16,2015
3.2,2015
3.16,2015
3.16,2015
3.25,2015
3.09,2015
3.11,2015
3.2,2015
3.19,2015
3.08,2015
3.04,2015
2.99,2015
3.11,2015
3.2,2015
3.21,2015
3.2,2015
3.13,2015
3.11,2015
3.08,2015
3.1,2015
3.08,2015
3.04,2015
2.98,2015
2.96,2015
2.93,2015
2.96,2015
2.99,2015
2.96,2015
2.92,2015
2.86,2015
2.9,2015
2.94,2015
2.9,2015
2.83,2015
2.89,2015
2.81,2015
2.84,2015
2.86,2015
2.84,2015
2.81,2015
2.87,2015
2.81,2015
2.76,2015
2.74,2015
2.73,2015
2.84,2015
2.94,2015
2.93,2015
2.92,2015
2.95,2015
2.93,2015
2.97,2015
2.95,2015
2.89,2015
2.97,2015
2.96,2015
2.98,2015
2.95,2015
2.95,2015
3.06,2015
3.08,2015
3.02,2015
2.93,2015
3.02,2015
2.94,2015
2.95,2015
2.91,2015
2.96,2015
2.87,2015
2.85,2015
2.87,2015
2.85,2015
2.82,2015
2.9,2015
2.88,2015
2.89,2015
2.96,2015
2.94,2015
2.89,2015
2.84,2015
2.87,2015
2.87,2015
2.89,2015
2.92,2015
2.87,2015
2.87,2015
2.9,2015
2.87,2015
2.86,2015
2.87,2015
2.96,2015
2.93,2015
2.95,2015
3.0,2015
3.0,2015
3.01,2015
3.09,2015
3.12,2015
3.1,2015
3.09,2015
3.06,2015
3.07,2015
3.04,2015
3.04,2015
3.0,2015
3.02,2015
3.0,2015
3.0,2015
3.0,2015
3.0,2015
2.98,2015
2.91,2015
2.91,2015
3.07,2015
3.01,2015
2.95,2015
2.97,2015
2.97,2015
2.98,2015
2.87,2015
2.96,2015
3.0,2015
3.02,2015
2.94,2015
2.9,2015
2.92,2015
2.96,2015
3.0,2015
2.96,2015
2.95,2015
3.04,2015
3.04,2015
3.01,2015
2.98,2016
3.01,2016
2.94,2016
2.92,2016
2.91,2016
2.96,2016
2.89,2016
2.85,2016
2.9,2016
2.81,2016
2.82,2016
2.77,2016
2.79,2016
2.83,2016
2.8,2016
2.79,2016
2.8,2016
2.79,2016
2.75,2016
2.77,2016
2.67,2016
2.7,2016
2.7,2016
2.68,2016
2.56,2016
2.55,2016
2.53,2016
2.5,2016
2.6,2016
2.64,2016
2.68,2016
2.62,2016
2.61,2016
2.62,2016
2.6,2016
2.61,2016
2.58,2016
2.63,2016
2.61,2016
2.7,2016
2.69,2016
2.65,2016
2.7,2016
2.71,2016
2.63,2016
2.68,2016
2.7,2016
2.75,2016
2.74,2016
2.73,2016
2.73,2016
2.69,2016
2.68,2016
2.72,2016
2.72,2016
2.65,2016
2.67,2016
2.66,2016
2.6,2016
2.65,2016
2.61,2016
2.62,2016
2.6,2016
2.54,2016
2.58,2016
2.52,2016
2.55,2016
2.56,2016
2.61,2016
2.58,2016
2.61,2016
2.56,2016
2.58,2016
2.6,2016
2.66,2016
2.69,2016
2.7,2016
2.72,2016
2.76,2016
2.71,2016
2.68,2016
2.66,2016
2.71,2016
2.66,2016
2.64,2016
2.6,2016
2.62,2016
2.61,2016
2.61,2016
2.58,2016
2.6,2016
2.55,2016
2.59,2016
2.59,2016
2.67,2016
2.64,2016
2.63,2016
2.63,2016
2.65,2016
2.67,2016
2.64,2016
2.65,2016
2.64,2016
2.63,2016
2.58,2016
2.52,2016
2.55,2016
2.54,2016
2.51,2016
2.48,2016
2.44,2016
2.43,2016
2.43,2016
2.43,2016
2.39,2016
2.43,2016
2.47,2016
2.5,2016
2.5,2016
2.55,2016
2.42,2016
2.28,2016
2.27,2016
2.3,2016
2.3,2016
2.24,2016
2.14,2016
2.14,2016
2.14,2016
2.11,2016
2.14,2016
2.24,2016
2.18,2016
2.25,2016
2.3,2016
2.3,2016
2.27,2016
2.3,2016
2.29,2016
2.29,2016
2.29,2016
2.28,2016
2.23,2016
2.23,2016
2.18,2016
2.24,2016
2.29,2016
2.29,2016
2.25,2016
2.32,2016
2.3,2016
2.25,2016
2.23,2016
2.28,2016
2.23,2016
2.27,2016
2.2978,2016
2.2594,2016
2.2601,2016
2.2869,2016
2.2371,2016
2.2292,2016
2.2471,2016
2.263,2016
2.2869,2016
2.2142,2016
2.2292,2016
2.2319999999999998,2016
2.2299,2016
2.2782,2016
2.2782,2016
2.2241,2016
2.2349,2016
2.3036,2016
2.3946,2016
2.3909,2016
2.4634,2016
2.4497,2016
2.4627,2016
2.4452,2016
2.4551,2016
2.4316,2016
2.3738,2016
2.3353,2016
2.3471,2016
2.3205,2016
2.2774,2016
2.2913,2016
2.2767,2016
2.3154,2016
2.3397,2016
2.4098,2016
2.4234,2016
2.4538,2016
2.4508,2016
2.4508,2016
2.5014,2016
2.4991,2016
2.4768,2016
2.5583,2016
2.5216,2016
2.5054,2016
2.5069,2016
2.5039,2016
2.4846,2016
2.5171,2016
2.4985,2016
2.5412,2016
2.6138,2016
2.6154,2016
2.5798,2016
2.5774,2016
2.5672,2016
2.6004,2016
2.5610000000000004,2016
2.6021,2016
2.6156,2016
2.8456,2016
2.9549,2016
2.935,2016
3.0117,2016
2.9555,2016
2.9221,2016
3.0117,2016
3.0296,2016
2.9924,2016
2.9996,2016
3.0207,2016
3.0207,2016
3.0045,2016
2.9755,2016
2.9459,2016
3.0337,2016
3.1085,2016
3.0615,2016
3.0639999999999996,2016
3.0788,2016
3.0224,2016
3.1053,2016
3.1529,2016
3.1538,2016
3.1312,2016
3.1799,2016
3.1622,2016
3.1741,2016
3.1204,2016
3.1396,2016
3.1079,2016
3.1271,2016
3.1138,2016
3.1138,2016
3.133,2016
3.0931,2016
3.0789999999999997,2016
3.0651,2016
3.0651,2017
3.0462,2017
3.0397,2017
2.9444,2017
3.0088,2017
2.958,2017
2.9676,2017
2.9556,2017
2.9604,2017
2.9886,2017
2.9886,2017
2.9317,2017
3.0129,2017
3.0463,2017
3.0488,2017
2.9862,2017
3.0488,2017
3.0967,2017
3.0851,2017
3.0588,2017
3.0785,2017
3.0612,2017
3.0753,2017
3.0877,2017
3.0902,2017
3.0473,2017
3.0179,2017
2.9485,2017
3.0041,2017
3.0056,2017
3.0319,2017
3.0584,2017
3.0777,2017
3.0487,2017
3.0231,2017
3.0231,2017
3.0407,2017
3.0327,2017
3.0127,2017
2.951,2017
2.9833,2017
2.9952,2017
3.0608,2017
3.0729,2017
3.0713,2017
3.1046,2017
3.1210000000000004,2017
3.1489,2017
3.1888,2017
3.1647,2017
3.2122,2017
3.1747,2017
3.1071,2017
3.1506,2017
3.1096,2017
3.077,2017
3.0343,2017
3.0174,2017
3.0294,2017
3.0134,2017
2.9848,2017
3.0246,2017
2.9856,2017
3.0343,2017
3.0095,2017
2.9532,2017
2.9999,2017
2.9856,2017
2.9864,2017
3.0078,2017
2.9903,2017
2.9289,2017
2.8861,2017
2.8923,2017
2.8923,2017
2.9094,2017
2.8354,2017
2.8729,2017
2.8822,2017
2.9015,2017
2.9288,2017
2.9879,2017
2.9602,2017
2.9642,2017
2.9508,2017
3.0023,2017
2.9689,2017
2.9681,2017
2.9983,2017
2.9832,2017
3.0222,2017
3.0271,2017
3.0407,2017
3.0255,2017
2.9889,2017
3.0064,2017
2.9921,2017
2.9160000000000004,2017
2.9005,2017
2.8966,2017
2.9136,2017
2.9432,2017
2.9245,2017
2.9206,2017
2.912,2017
2.912,2017
2.8772,2017
2.8634,2017
2.8626,2017
2.81,2017
2.8366,2017
2.8115,2017
2.8366,2017
2.8510000000000004,2017
2.8556,2017
2.8694,2017
2.8648,2017
2.7692,2017
2.7872,2017
2.7752,2017
2.7849,2017
2.7385,2017
2.7274,2017
2.7163,2017
2.7155,2017
2.697,2017
2.7518,2017
2.781,2017
2.8135,2017
2.8348,2017
2.8669,2017
2.8669,2017
2.8469,2017
2.9016,2017
2.9289,2017
2.9265,2017
2.9234,2017
2.8838,2017
2.9172,2017
2.9195,2017
2.9039,2017
2.8461,2017
2.8514,2017
2.8254,2017
2.8087,2017
2.8345,2017
2.9171,2017
2.8914,2017
2.9194,2017
2.8953,2017
2.8999,2017
2.8567,2017
2.8559,2017
2.7972,2017
2.842,2017
2.8336,2017
2.8428,2017
2.8222,2017
2.7729,2017
2.7855,2017
2.8073,2017
2.8488,2017
2.8073,2017
2.7739,2017
2.7762,2017
2.7631,2017
2.7847,2017
2.7461,2017
2.7692,2017
2.7469,2017
2.7554,2017
2.7384,2017
2.7377,2017
2.7262,2017
2.7769999999999997,2017
2.7769999999999997,2017
2.6806,2017
2.7224,2017
2.6572,2017
2.6692,2017
2.7430000000000003,2017
2.7715,2017
2.7863,2017
2.7669,2017
2.77,2017
2.7987,2017
2.8167,2017
2.8081,2017
2.805,2017
2.7801,2017
2.7615,2017
2.7739,2017
2.8625,2017
2.8712,2017
2.8601,2017
2.8736,2017
2.8641,2017
2.8657,2017
2.8904,2017
2.8936,2017
2.8936,2017
2.8952,2017
2.8824,2017
2.8467,2017
2.805,2017
2.8231,2017
2.8019,2017
2.8562,2017
2.8365,2017
2.8969,2017
2.8833,2017
2.9331,2017
2.9404,2017
2.9714,2017
2.9179,2017
2.8802,2017
2.8794,2017
2.8579,2017
2.8255,2017
2.8129,2017
2.7941,2017
2.7769999999999997,2017
2.7918,2017
2.8161,2017
2.8797,2017
2.8710000000000004,2017
2.83,2017
2.7646,2017
2.81,2017
2.78,2017
2.78,2017
2.76,2017
2.75,2017
2.76,2017
2.76,2017
2.77,2017
2.81,2017
2.83,2017
2.76,2017
2.77,2017
2.73,2017
2.71,2017
2.76,2017
2.77,2017
2.77,2017
2.79,2017
2.74,2017
2.71,2017
2.68,2017
2.74,2017
2.82,2017
2.88,2017
2.84,2017
2.83,2017
2.8309,2017
2.82,2017
2.75,2017
2.75,2017
2.74,2017
2.7399,2017
